交易身份编码,客户名称,客户类型,通道编码,授权层级,门店数,经营品牌,服务区域,客户主体口径,销量上报频率,库存可见性假设,数据性质
MOCK-TD-001,模拟ALJ直营零售主体,直营,CH-D,不适用,34,丰田;雷克萨斯,中部;西部;东部;北部;南部,一个模拟结算主体汇总34个门店,周,模拟DMS可见,模拟
MOCK-TA-001,模拟利雅得授权车商01,二级展厅,CH-A2,L2,1,丰田;雷克萨斯,中部,独立模拟批发账户,月,模拟月报估算,模拟
MOCK-TA-002,模拟利雅得授权车商02,二级展厅,CH-A2,L2,1,丰田,中部,独立模拟批发账户,月,模拟月报估算,模拟
MOCK-TA-003,模拟利雅得授权车商03,二级展厅,CH-A2,L2,1,丰田,中部,独立模拟批发账户,月,模拟月报估算,模拟
MOCK-TA-004,模拟利雅得授权车商04,二级展厅,CH-A2,L2,1,丰田,中部,独立模拟批发账户,月,模拟月报估算,模拟
MOCK-TA-005,模拟利雅得授权车商05,二级展厅,CH-A2,L2,1,丰田,中部,独立模拟批发账户,月,模拟月报估算,模拟
MOCK-TA-006,模拟利雅得授权车商06,二级展厅,CH-A2,L2,1,丰田,中部,独立模拟批发账户,月,模拟月报估算,模拟
MOCK-TA-007,模拟利雅得授权车商07,二级展厅,CH-A2,L2,1,丰田,中部,独立模拟批发账户,月,模拟月报估算,模拟
MOCK-TA-008,模拟利雅得授权车商08,二级展厅,CH-A2,L2,1,丰田,中部,独立模拟批发账户,月,模拟月报估算,模拟
MOCK-TA-009,模拟吉达授权车商01,二级展厅,CH-A2,L2,1,丰田;雷克萨斯,西部,独立模拟批发账户,月,模拟月报估算,模拟
MOCK-TA-010,模拟吉达授权车商02,二级展厅,CH-A2,L2,1,丰田,西部,独立模拟批发账户,月,模拟月报估算,模拟
MOCK-TA-011,模拟吉达授权车商03,二级展厅,CH-A2,L2,1,丰田,西部,独立模拟批发账户,月,模拟月报估算,模拟
MOCK-TA-012,模拟吉达授权车商04,二级展厅,CH-A2,L2,1,丰田,西部,独立模拟批发账户,月,模拟月报估算,模拟
MOCK-TA-013,模拟吉达授权车商05,二级展厅,CH-A2,L2,1,丰田,西部,独立模拟批发账户,月,模拟月报估算,模拟
MOCK-TA-014,模拟吉达授权车商06,二级展厅,CH-A2,L2,1,丰田,西部,独立模拟批发账户,月,模拟月报估算,模拟
MOCK-TA-015,模拟达曼授权车商01,二级展厅,CH-A2,L2,1,丰田;雷克萨斯,东部,独立模拟批发账户,月,模拟月报估算,模拟
MOCK-TA-016,模拟达曼授权车商02,二级展厅,CH-A2,L2,1,丰田,东部,独立模拟批发账户,月,模拟月报估算,模拟
MOCK-TA-017,模拟达曼授权车商03,二级展厅,CH-A2,L2,1,丰田,东部,独立模拟批发账户,月,模拟月报估算,模拟
MOCK-TA-018,模拟达曼授权车商04,二级展厅,CH-A2,L2,1,丰田,东部,独立模拟批发账户,月,模拟月报估算,模拟
MOCK-TA-019,模拟胡拜尔授权车商01,二级展厅,CH-A2,L2,1,丰田;雷克萨斯,东部,独立模拟批发账户,月,模拟月报估算,模拟
MOCK-TA-020,模拟胡拜尔授权车商02,二级展厅,CH-A2,L2,1,丰田,东部,独立模拟批发账户,月,模拟月报估算,模拟
MOCK-TA-021,模拟麦加授权车商01,二级展厅,CH-A2,L2,1,丰田;雷克萨斯,西部,独立模拟批发账户,月,模拟月报估算,模拟
MOCK-TA-022,模拟麦加授权车商02,二级展厅,CH-A2,L2,1,丰田,西部,独立模拟批发账户,月,模拟月报估算,模拟
MOCK-TA-023,模拟麦加授权车商03,二级展厅,CH-A2,L2,1,丰田,西部,独立模拟批发账户,月,模拟月报估算,模拟
MOCK-TA-024,模拟麦地那授权车商01,二级展厅,CH-A2,L2,1,丰田;雷克萨斯,西部,独立模拟批发账户,月,模拟月报估算,模拟
MOCK-TA-025,模拟麦地那授权车商02,二级展厅,CH-A2,L2,1,丰田,西部,独立模拟批发账户,月,模拟月报估算,模拟
MOCK-TA-026,模拟塔伊夫授权车商01,二级展厅,CH-A2,L2,1,丰田,西部,独立模拟批发账户,月,模拟月报估算,模拟
MOCK-TA-027,模拟塔伊夫授权车商02,二级展厅,CH-A2,L2,1,丰田,西部,独立模拟批发账户,月,模拟月报估算,模拟
MOCK-TA-028,模拟哈萨授权车商01,二级展厅,CH-A2,L2,1,丰田,东部,独立模拟批发账户,月,模拟月报估算,模拟
MOCK-TA-029,模拟哈萨授权车商02,二级展厅,CH-A2,L2,1,丰田,东部,独立模拟批发账户,月,模拟月报估算,模拟
MOCK-TA-030,模拟布赖代授权车商01,二级展厅,CH-A2,L2,1,丰田;雷克萨斯,中部,独立模拟批发账户,月,模拟月报估算,模拟
MOCK-TA-031,模拟布赖代授权车商02,二级展厅,CH-A2,L2,1,丰田,中部,独立模拟批发账户,月,模拟月报估算,模拟
MOCK-TA-032,模拟布赖代授权车商03,二级展厅,CH-A2,L2,1,丰田,中部,独立模拟批发账户,月,模拟月报估算,模拟
MOCK-TA-033,模拟欧奈宰授权车商01,二级展厅,CH-A2,L2,1,丰田,中部,独立模拟批发账户,月,模拟月报估算,模拟
MOCK-TA-034,模拟哈伊勒授权车商01,二级展厅,CH-A2,L2,1,丰田,北部,独立模拟批发账户,月,模拟月报估算,模拟
MOCK-TA-035,模拟哈伊勒授权车商02,二级展厅,CH-A2,L2,1,丰田,北部,独立模拟批发账户,月,模拟月报估算,模拟
MOCK-TA-036,模拟塔布克授权车商01,二级展厅,CH-A2,L2,1,丰田,北部,独立模拟批发账户,月,模拟月报估算,模拟
MOCK-TA-037,模拟塔布克授权车商02,二级展厅,CH-A2,L2,1,丰田,北部,独立模拟批发账户,月,模拟月报估算,模拟
MOCK-TA-038,模拟艾卜哈授权车商01,二级展厅,CH-A2,L2,1,丰田;雷克萨斯,南部,独立模拟批发账户,月,模拟月报估算,模拟
MOCK-TA-039,模拟艾卜哈授权车商02,二级展厅,CH-A2,L2,1,丰田,南部,独立模拟批发账户,月,模拟月报估算,模拟
MOCK-TA-040,模拟海米斯穆谢特授权车商01,二级展厅,CH-A2,L2,1,丰田,南部,独立模拟批发账户,月,模拟月报估算,模拟
MOCK-TA-041,模拟吉赞授权车商01,二级展厅,CH-A2,L2,1,丰田,南部,独立模拟批发账户,月,模拟月报估算,模拟
MOCK-TA-042,模拟吉赞授权车商02,二级展厅,CH-A2,L2,1,丰田,南部,独立模拟批发账户,月,模拟月报估算,模拟
MOCK-TA-043,模拟奈季兰授权车商01,二级展厅,CH-A2,L2,1,丰田,南部,独立模拟批发账户,月,模拟月报估算,模拟
MOCK-TA-044,模拟延布授权车商01,二级展厅,CH-A2,L2,1,丰田,西部,独立模拟批发账户,月,模拟月报估算,模拟
MOCK-TA-045,模拟朱拜勒授权车商01,二级展厅,CH-A2,L2,1,丰田,东部,独立模拟批发账户,月,模拟月报估算,模拟
