交易身份编码,门店编码,门店名称,客户类型,城市编码,客户名称,通道编码,地理大区,城市,经营品牌,销速分摊基础权重,库容上限(台),双港口默认始发节点,单港口默认始发节点,数据性质
MOCK-TD-001,MOCK-D-001,模拟直营·利雅得·01店,直营,RUH,模拟ALJ直营零售主体,CH-D,中部,利雅得,丰田;雷克萨斯,1.689793,2149,P-E,P-W,模拟
MOCK-TD-001,MOCK-D-002,模拟直营·利雅得·02店,直营,RUH,模拟ALJ直营零售主体,CH-D,中部,利雅得,丰田;雷克萨斯,1.165467,1416,P-E,P-W,模拟
MOCK-TD-001,MOCK-D-003,模拟直营·利雅得·03店,直营,RUH,模拟ALJ直营零售主体,CH-D,中部,利雅得,丰田;雷克萨斯,1.262807,1558,P-E,P-W,模拟
MOCK-TD-001,MOCK-D-004,模拟直营·利雅得·04店,直营,RUH,模拟ALJ直营零售主体,CH-D,中部,利雅得,丰田,1.236022,1292,P-E,P-W,模拟
MOCK-TD-001,MOCK-D-005,模拟直营·利雅得·05店,直营,RUH,模拟ALJ直营零售主体,CH-D,中部,利雅得,丰田,1.093812,1139,P-E,P-W,模拟
MOCK-TD-001,MOCK-D-006,模拟直营·利雅得·06店,直营,RUH,模拟ALJ直营零售主体,CH-D,中部,利雅得,丰田,1.034336,1080,P-E,P-W,模拟
MOCK-TA-001,MOCK-L2-001,模拟二级展厅·利雅得·01店,二级展厅,RUH,模拟利雅得授权车商01,CH-A2,中部,利雅得,丰田;雷克萨斯,1.216852,356,P-E,P-W,模拟
MOCK-TA-002,MOCK-L2-002,模拟二级展厅·利雅得·02店,二级展厅,RUH,模拟利雅得授权车商02,CH-A2,中部,利雅得,丰田,1.137191,292,P-E,P-W,模拟
MOCK-TA-003,MOCK-L2-003,模拟二级展厅·利雅得·03店,二级展厅,RUH,模拟利雅得授权车商03,CH-A2,中部,利雅得,丰田,1.175413,297,P-E,P-W,模拟
MOCK-TA-004,MOCK-L2-004,模拟二级展厅·利雅得·04店,二级展厅,RUH,模拟利雅得授权车商04,CH-A2,中部,利雅得,丰田,1.526932,402,P-E,P-W,模拟
MOCK-TA-005,MOCK-L2-005,模拟二级展厅·利雅得·05店,二级展厅,RUH,模拟利雅得授权车商05,CH-A2,中部,利雅得,丰田,1.109621,279,P-E,P-W,模拟
MOCK-TA-006,MOCK-L2-006,模拟二级展厅·利雅得·06店,二级展厅,RUH,模拟利雅得授权车商06,CH-A2,中部,利雅得,丰田,1.374692,368,P-E,P-W,模拟
MOCK-TA-007,MOCK-L2-007,模拟二级展厅·利雅得·07店,二级展厅,RUH,模拟利雅得授权车商07,CH-A2,中部,利雅得,丰田,1.102632,278,P-E,P-W,模拟
MOCK-TA-008,MOCK-L2-008,模拟二级展厅·利雅得·08店,二级展厅,RUH,模拟利雅得授权车商08,CH-A2,中部,利雅得,丰田,1.155844,298,P-E,P-W,模拟
MOCK-TD-001,MOCK-D-007,模拟直营·吉达·01店,直营,JED,模拟ALJ直营零售主体,CH-D,西部,吉达,丰田;雷克萨斯,1.299918,1622,P-W,P-W,模拟
MOCK-TD-001,MOCK-D-008,模拟直营·吉达·02店,直营,JED,模拟ALJ直营零售主体,CH-D,西部,吉达,丰田;雷克萨斯,1.504751,1854,P-W,P-W,模拟
MOCK-TD-001,MOCK-D-009,模拟直营·吉达·03店,直营,JED,模拟ALJ直营零售主体,CH-D,西部,吉达,丰田;雷克萨斯,1.384021,1717,P-W,P-W,模拟
MOCK-TD-001,MOCK-D-010,模拟直营·吉达·04店,直营,JED,模拟ALJ直营零售主体,CH-D,西部,吉达,丰田,1.280483,1344,P-W,P-W,模拟
MOCK-TD-001,MOCK-D-011,模拟直营·吉达·05店,直营,JED,模拟ALJ直营零售主体,CH-D,西部,吉达,丰田,1.020743,1017,P-W,P-W,模拟
MOCK-TA-009,MOCK-L2-009,模拟二级展厅·吉达·01店,二级展厅,JED,模拟吉达授权车商01,CH-A2,西部,吉达,丰田;雷克萨斯,1.181783,339,P-W,P-W,模拟
MOCK-TA-010,MOCK-L2-010,模拟二级展厅·吉达·02店,二级展厅,JED,模拟吉达授权车商02,CH-A2,西部,吉达,丰田,1.607566,404,P-W,P-W,模拟
MOCK-TA-011,MOCK-L2-011,模拟二级展厅·吉达·03店,二级展厅,JED,模拟吉达授权车商03,CH-A2,西部,吉达,丰田,1.10154,276,P-W,P-W,模拟
MOCK-TA-012,MOCK-L2-012,模拟二级展厅·吉达·04店,二级展厅,JED,模拟吉达授权车商04,CH-A2,西部,吉达,丰田,1.324642,339,P-W,P-W,模拟
MOCK-TA-013,MOCK-L2-013,模拟二级展厅·吉达·05店,二级展厅,JED,模拟吉达授权车商05,CH-A2,西部,吉达,丰田,1.312554,347,P-W,P-W,模拟
MOCK-TA-014,MOCK-L2-014,模拟二级展厅·吉达·06店,二级展厅,JED,模拟吉达授权车商06,CH-A2,西部,吉达,丰田,1.148529,299,P-W,P-W,模拟
MOCK-TD-001,MOCK-D-012,模拟直营·达曼·01店,直营,DMM,模拟ALJ直营零售主体,CH-D,东部,达曼,丰田;雷克萨斯,1.190794,1432,P-E,P-W,模拟
MOCK-TD-001,MOCK-D-013,模拟直营·达曼·02店,直营,DMM,模拟ALJ直营零售主体,CH-D,东部,达曼,丰田,1.158125,1190,P-E,P-W,模拟
MOCK-TD-001,MOCK-D-014,模拟直营·达曼·03店,直营,DMM,模拟ALJ直营零售主体,CH-D,东部,达曼,丰田,1.12781,1103,P-E,P-W,模拟
MOCK-TA-015,MOCK-L2-015,模拟二级展厅·达曼·01店,二级展厅,DMM,模拟达曼授权车商01,CH-A2,东部,达曼,丰田;雷克萨斯,1.012733,288,P-E,P-W,模拟
MOCK-TA-016,MOCK-L2-016,模拟二级展厅·达曼·02店,二级展厅,DMM,模拟达曼授权车商02,CH-A2,东部,达曼,丰田,0.985186,246,P-E,P-W,模拟
MOCK-TA-017,MOCK-L2-017,模拟二级展厅·达曼·03店,二级展厅,DMM,模拟达曼授权车商03,CH-A2,东部,达曼,丰田,1.18223,295,P-E,P-W,模拟
MOCK-TA-018,MOCK-L2-018,模拟二级展厅·达曼·04店,二级展厅,DMM,模拟达曼授权车商04,CH-A2,东部,达曼,丰田,1.231418,314,P-E,P-W,模拟
MOCK-TD-001,MOCK-D-015,模拟直营·胡拜尔·01店,直营,KHO,模拟ALJ直营零售主体,CH-D,东部,胡拜尔,丰田;雷克萨斯,1.352192,1674,P-E,P-W,模拟
MOCK-TD-001,MOCK-D-016,模拟直营·胡拜尔·02店,直营,KHO,模拟ALJ直营零售主体,CH-D,东部,胡拜尔,丰田,1.118427,1134,P-E,P-W,模拟
MOCK-TA-019,MOCK-L2-019,模拟二级展厅·胡拜尔·01店,二级展厅,KHO,模拟胡拜尔授权车商01,CH-A2,东部,胡拜尔,丰田;雷克萨斯,1.088243,315,P-E,P-W,模拟
MOCK-TA-020,MOCK-L2-020,模拟二级展厅·胡拜尔·02店,二级展厅,KHO,模拟胡拜尔授权车商02,CH-A2,东部,胡拜尔,丰田,1.2291,315,P-E,P-W,模拟
MOCK-TD-001,MOCK-D-017,模拟直营·麦加·01店,直营,MAK,模拟ALJ直营零售主体,CH-D,西部,麦加,丰田;雷克萨斯,1.01891,1292,P-W,P-W,模拟
MOCK-TD-001,MOCK-D-018,模拟直营·麦加·02店,直营,MAK,模拟ALJ直营零售主体,CH-D,西部,麦加,丰田,0.946461,939,P-W,P-W,模拟
MOCK-TA-021,MOCK-L2-021,模拟二级展厅·麦加·01店,二级展厅,MAK,模拟麦加授权车商01,CH-A2,西部,麦加,丰田;雷克萨斯,1.037794,298,P-W,P-W,模拟
MOCK-TA-022,MOCK-L2-022,模拟二级展厅·麦加·02店,二级展厅,MAK,模拟麦加授权车商02,CH-A2,西部,麦加,丰田,1.07848,288,P-W,P-W,模拟
MOCK-TA-023,MOCK-L2-023,模拟二级展厅·麦加·03店,二级展厅,MAK,模拟麦加授权车商03,CH-A2,西部,麦加,丰田,1.050858,265,P-W,P-W,模拟
MOCK-TD-001,MOCK-D-019,模拟直营·麦地那·01店,直营,MED,模拟ALJ直营零售主体,CH-D,西部,麦地那,丰田;雷克萨斯,1.239914,1502,P-W,P-W,模拟
MOCK-TD-001,MOCK-D-020,模拟直营·麦地那·02店,直营,MED,模拟ALJ直营零售主体,CH-D,西部,麦地那,丰田,1.120056,1112,P-W,P-W,模拟
MOCK-TA-024,MOCK-L2-024,模拟二级展厅·麦地那·01店,二级展厅,MED,模拟麦地那授权车商01,CH-A2,西部,麦地那,丰田;雷克萨斯,0.911216,268,P-W,P-W,模拟
MOCK-TA-025,MOCK-L2-025,模拟二级展厅·麦地那·02店,二级展厅,MED,模拟麦地那授权车商02,CH-A2,西部,麦地那,丰田,1.075944,282,P-W,P-W,模拟
MOCK-TD-001,MOCK-D-021,模拟直营·塔伊夫·01店,直营,TAI,模拟ALJ直营零售主体,CH-D,西部,塔伊夫,丰田,0.872359,895,P-W,P-W,模拟
MOCK-TA-026,MOCK-L2-026,模拟二级展厅·塔伊夫·01店,二级展厅,TAI,模拟塔伊夫授权车商01,CH-A2,西部,塔伊夫,丰田,0.786767,201,P-W,P-W,模拟
MOCK-TA-027,MOCK-L2-027,模拟二级展厅·塔伊夫·02店,二级展厅,TAI,模拟塔伊夫授权车商02,CH-A2,西部,塔伊夫,丰田,0.927305,236,P-W,P-W,模拟
MOCK-TD-001,MOCK-D-022,模拟直营·哈萨·01店,直营,HOF,模拟ALJ直营零售主体,CH-D,东部,哈萨,丰田,1.109234,1117,P-E,P-W,模拟
MOCK-TA-028,MOCK-L2-028,模拟二级展厅·哈萨·01店,二级展厅,HOF,模拟哈萨授权车商01,CH-A2,东部,哈萨,丰田,0.917974,238,P-E,P-W,模拟
MOCK-TA-029,MOCK-L2-029,模拟二级展厅·哈萨·02店,二级展厅,HOF,模拟哈萨授权车商02,CH-A2,东部,哈萨,丰田,0.861951,222,P-E,P-W,模拟
MOCK-TD-001,MOCK-D-023,模拟直营·布赖代·01店,直营,BUR,模拟ALJ直营零售主体,CH-D,中部,布赖代,丰田;雷克萨斯,0.81685,996,P-E,P-W,模拟
MOCK-TD-001,MOCK-D-024,模拟直营·布赖代·02店,直营,BUR,模拟ALJ直营零售主体,CH-D,中部,布赖代,丰田,1.053224,1078,P-E,P-W,模拟
MOCK-TA-030,MOCK-L2-030,模拟二级展厅·布赖代·01店,二级展厅,BUR,模拟布赖代授权车商01,CH-A2,中部,布赖代,丰田;雷克萨斯,1.135031,318,P-E,P-W,模拟
MOCK-TA-031,MOCK-L2-031,模拟二级展厅·布赖代·02店,二级展厅,BUR,模拟布赖代授权车商02,CH-A2,中部,布赖代,丰田,1.00425,264,P-E,P-W,模拟
MOCK-TA-032,MOCK-L2-032,模拟二级展厅·布赖代·03店,二级展厅,BUR,模拟布赖代授权车商03,CH-A2,中部,布赖代,丰田,1.02573,271,P-E,P-W,模拟
MOCK-TD-001,MOCK-D-025,模拟直营·欧奈宰·01店,直营,UNA,模拟ALJ直营零售主体,CH-D,中部,欧奈宰,丰田,0.836628,866,P-E,P-W,模拟
MOCK-TA-033,MOCK-L2-033,模拟二级展厅·欧奈宰·01店,二级展厅,UNA,模拟欧奈宰授权车商01,CH-A2,中部,欧奈宰,丰田,0.780236,196,P-E,P-W,模拟
MOCK-TD-001,MOCK-D-026,模拟直营·哈伊勒·01店,直营,HAI,模拟ALJ直营零售主体,CH-D,北部,哈伊勒,丰田,0.998043,1030,P-W,P-W,模拟
MOCK-TA-034,MOCK-L2-034,模拟二级展厅·哈伊勒·01店,二级展厅,HAI,模拟哈伊勒授权车商01,CH-A2,北部,哈伊勒,丰田,0.893202,233,P-W,P-W,模拟
MOCK-TA-035,MOCK-L2-035,模拟二级展厅·哈伊勒·02店,二级展厅,HAI,模拟哈伊勒授权车商02,CH-A2,北部,哈伊勒,丰田,0.720528,179,P-W,P-W,模拟
MOCK-TD-001,MOCK-D-027,模拟直营·塔布克·01店,直营,TAB,模拟ALJ直营零售主体,CH-D,北部,塔布克,丰田,0.96207,1002,P-W,P-W,模拟
MOCK-TA-036,MOCK-L2-036,模拟二级展厅·塔布克·01店,二级展厅,TAB,模拟塔布克授权车商01,CH-A2,北部,塔布克,丰田,0.714037,188,P-W,P-W,模拟
MOCK-TA-037,MOCK-L2-037,模拟二级展厅·塔布克·02店,二级展厅,TAB,模拟塔布克授权车商02,CH-A2,北部,塔布克,丰田,0.73064,190,P-W,P-W,模拟
MOCK-TD-001,MOCK-D-028,模拟直营·艾卜哈·01店,直营,ABH,模拟ALJ直营零售主体,CH-D,南部,艾卜哈,丰田;雷克萨斯,1.129929,1406,P-W,P-W,模拟
MOCK-TD-001,MOCK-D-029,模拟直营·艾卜哈·02店,直营,ABH,模拟ALJ直营零售主体,CH-D,南部,艾卜哈,丰田,0.859849,860,P-W,P-W,模拟
MOCK-TA-038,MOCK-L2-038,模拟二级展厅·艾卜哈·01店,二级展厅,ABH,模拟艾卜哈授权车商01,CH-A2,南部,艾卜哈,丰田;雷克萨斯,0.864978,243,P-W,P-W,模拟
MOCK-TA-039,MOCK-L2-039,模拟二级展厅·艾卜哈·02店,二级展厅,ABH,模拟艾卜哈授权车商02,CH-A2,南部,艾卜哈,丰田,0.963162,244,P-W,P-W,模拟
MOCK-TD-001,MOCK-D-030,模拟直营·海米斯穆谢特·01店,直营,KHM,模拟ALJ直营零售主体,CH-D,南部,海米斯穆谢特,丰田,0.724266,742,P-W,P-W,模拟
MOCK-TA-040,MOCK-L2-040,模拟二级展厅·海米斯穆谢特·01店,二级展厅,KHM,模拟海米斯穆谢特授权车商01,CH-A2,南部,海米斯穆谢特,丰田,0.898261,226,P-W,P-W,模拟
MOCK-TD-001,MOCK-D-031,模拟直营·吉赞·01店,直营,JAZ,模拟ALJ直营零售主体,CH-D,南部,吉赞,丰田,0.71619,749,P-W,P-W,模拟
MOCK-TA-041,MOCK-L2-041,模拟二级展厅·吉赞·01店,二级展厅,JAZ,模拟吉赞授权车商01,CH-A2,南部,吉赞,丰田,1.042377,280,P-W,P-W,模拟
MOCK-TA-042,MOCK-L2-042,模拟二级展厅·吉赞·02店,二级展厅,JAZ,模拟吉赞授权车商02,CH-A2,南部,吉赞,丰田,0.960761,249,P-W,P-W,模拟
MOCK-TD-001,MOCK-D-032,模拟直营·奈季兰·01店,直营,NAJ,模拟ALJ直营零售主体,CH-D,南部,奈季兰,丰田,0.761706,774,P-W,P-W,模拟
MOCK-TA-043,MOCK-L2-043,模拟二级展厅·奈季兰·01店,二级展厅,NAJ,模拟奈季兰授权车商01,CH-A2,南部,奈季兰,丰田,0.769251,198,P-W,P-W,模拟
MOCK-TD-001,MOCK-D-033,模拟直营·延布·01店,直营,YAN,模拟ALJ直营零售主体,CH-D,西部,延布,丰田,0.77373,810,P-W,P-W,模拟
MOCK-TA-044,MOCK-L2-044,模拟二级展厅·延布·01店,二级展厅,YAN,模拟延布授权车商01,CH-A2,西部,延布,丰田,0.954195,243,P-W,P-W,模拟
MOCK-TD-001,MOCK-D-034,模拟直营·朱拜勒·01店,直营,JUB,模拟ALJ直营零售主体,CH-D,东部,朱拜勒,丰田,1.013011,1027,P-E,P-W,模拟
MOCK-TA-045,MOCK-L2-045,模拟二级展厅·朱拜勒·01店,二级展厅,JUB,模拟朱拜勒授权车商01,CH-A2,东部,朱拜勒,丰田,0.844478,221,P-E,P-W,模拟
