月份,来源国,税则编码,合计(台),HS8703乘用车(台),HS8704货车(台),数量是否估算,来源,数据性质,备注
2025-01,日本,8703+8704,13616,11444,2172.0,否,联合国Comtrade（报告方=沙特，流向=进口）,官方,全品牌，非仅丰田。HS8703=乘用车，HS8704=货车。
2025-01,泰国,8703+8704,6439,5883,556.0,否,联合国Comtrade（报告方=沙特，流向=进口）,官方,全品牌，非仅丰田。HS8703=乘用车，HS8704=货车。
2025-02,日本,8703+8704,18712,16633,2079.0,否,联合国Comtrade（报告方=沙特，流向=进口）,官方,全品牌，非仅丰田。HS8703=乘用车，HS8704=货车。
2025-02,泰国,8703+8704,4960,4238,722.0,否,联合国Comtrade（报告方=沙特，流向=进口）,官方,全品牌，非仅丰田。HS8703=乘用车，HS8704=货车。
2025-03,日本,8703+8704,24235,21577,2658.0,否,联合国Comtrade（报告方=沙特，流向=进口）,官方,全品牌，非仅丰田。HS8703=乘用车，HS8704=货车。
2025-03,泰国,8703+8704,6296,4985,1311.0,否,联合国Comtrade（报告方=沙特，流向=进口）,官方,全品牌，非仅丰田。HS8703=乘用车，HS8704=货车。
2025-04,日本,8703+8704,20979,17117,3862.0,否,联合国Comtrade（报告方=沙特，流向=进口）,官方,全品牌，非仅丰田。HS8703=乘用车，HS8704=货车。
2025-04,泰国,8703+8704,4384,3755,629.0,否,联合国Comtrade（报告方=沙特，流向=进口）,官方,全品牌，非仅丰田。HS8703=乘用车，HS8704=货车。
2025-05,日本,8703+8704,16026,12786,3240.0,否,联合国Comtrade（报告方=沙特，流向=进口）,官方,全品牌，非仅丰田。HS8703=乘用车，HS8704=货车。
2025-05,泰国,8703+8704,3143,2984,159.0,否,联合国Comtrade（报告方=沙特，流向=进口）,官方,全品牌，非仅丰田。HS8703=乘用车，HS8704=货车。
2025-06,日本,8703+8704,16069,13723,2346.0,否,联合国Comtrade（报告方=沙特，流向=进口）,官方,全品牌，非仅丰田。HS8703=乘用车，HS8704=货车。
2025-06,泰国,8703+8704,6090,6019,71.0,否,联合国Comtrade（报告方=沙特，流向=进口）,官方,全品牌，非仅丰田。HS8703=乘用车，HS8704=货车。
2025-07,日本,8703+8704,22853,18160,4693.0,否,联合国Comtrade（报告方=沙特，流向=进口）,官方,全品牌，非仅丰田。HS8703=乘用车，HS8704=货车。
2025-07,泰国,8703+8704,12162,12078,84.0,否,联合国Comtrade（报告方=沙特，流向=进口）,官方,全品牌，非仅丰田。HS8703=乘用车，HS8704=货车。
2025-08,日本,8703+8704,21124,17581,3543.0,否,联合国Comtrade（报告方=沙特，流向=进口）,官方,全品牌，非仅丰田。HS8703=乘用车，HS8704=货车。
2025-08,泰国,8703+8704,7942,7815,127.0,否,联合国Comtrade（报告方=沙特，流向=进口）,官方,全品牌，非仅丰田。HS8703=乘用车，HS8704=货车。
2025-09,日本,8703+8704,18030,15295,2735.0,否,联合国Comtrade（报告方=沙特，流向=进口）,官方,全品牌，非仅丰田。HS8703=乘用车，HS8704=货车。
2025-09,泰国,8703+8704,11768,11628,140.0,否,联合国Comtrade（报告方=沙特，流向=进口）,官方,全品牌，非仅丰田。HS8703=乘用车，HS8704=货车。
2025-10,日本,8703+8704,23712,19810,3902.0,否,联合国Comtrade（报告方=沙特，流向=进口）,官方,全品牌，非仅丰田。HS8703=乘用车，HS8704=货车。
2025-10,泰国,8703+8704,7809,7785,24.0,否,联合国Comtrade（报告方=沙特，流向=进口）,官方,全品牌，非仅丰田。HS8703=乘用车，HS8704=货车。
2025-11,日本,8703+8704,24317,21177,3140.0,否,联合国Comtrade（报告方=沙特，流向=进口）,官方,全品牌，非仅丰田。HS8703=乘用车，HS8704=货车。
2025-11,泰国,8703+8704,8307,8068,239.0,否,联合国Comtrade（报告方=沙特，流向=进口）,官方,全品牌，非仅丰田。HS8703=乘用车，HS8704=货车。
2025-12,日本,8703+8704,25188,22602,2586.0,否,联合国Comtrade（报告方=沙特，流向=进口）,官方,全品牌，非仅丰田。HS8703=乘用车，HS8704=货车。
2025-12,泰国,8703+8704,9299,8880,419.0,否,联合国Comtrade（报告方=沙特，流向=进口）,官方,全品牌，非仅丰田。HS8703=乘用车，HS8704=货车。
2026-01,日本,8703+8704,17950,14230,3720.0,否,联合国Comtrade（报告方=沙特，流向=进口）,官方,全品牌，非仅丰田。HS8703=乘用车，HS8704=货车。
2026-01,泰国,8703+8704,8462,8342,120.0,否,联合国Comtrade（报告方=沙特，流向=进口）,官方,全品牌，非仅丰田。HS8703=乘用车，HS8704=货车。
2026-02,日本,8703+8704,24187,21975,2212.0,否,联合国Comtrade（报告方=沙特，流向=进口）,官方,全品牌，非仅丰田。HS8703=乘用车，HS8704=货车。
2026-02,泰国,8703+8704,5699,5577,122.0,否,联合国Comtrade（报告方=沙特，流向=进口）,官方,全品牌，非仅丰田。HS8703=乘用车，HS8704=货车。
2026-03,日本,8703+8704,4573,4350,223.0,否,联合国Comtrade（报告方=沙特，流向=进口）,官方,全品牌，非仅丰田。HS8703=乘用车，HS8704=货车。
2026-03,泰国,8703+8704,207,172,35.0,否,联合国Comtrade（报告方=沙特，流向=进口）,官方,全品牌，非仅丰田。HS8703=乘用车，HS8704=货车。
2026-04,日本,8703+8704,20931,19721,1210.381,是,联合国Comtrade（报告方=沙特，流向=进口）,官方,全品牌，非仅丰田。HS8703=乘用车，HS8704=货车。
2026-04,泰国,8703+8704,7104,7017,87.0,否,联合国Comtrade（报告方=沙特，流向=进口）,官方,全品牌，非仅丰田。HS8703=乘用车，HS8704=货车。
