月份,品牌,车型,来源国,销量(台),轻型车市场总量(台),品牌市占(%),数据性质,推算方法,备注
2025-01,丰田,全部,未知,19358,67923,28.5,行业/推估,市占×市场总量,销量代理（非海关进口）。BSCB 2025年1月：市场67923；丰田市占28.5%；雷克萨斯上半年8327（SayaraBay）均摊推估
2025-01,雷克萨斯,全部,日本,1388,67923,,推估,上半年均摊推估,销量代理。雷克萨斯对沙特规格通常日本产。BSCB 2025年1月：市场67923；丰田市占28.5%；雷克萨斯上半年8327（SayaraBay）均摊推估
2025-02,丰田,全部,未知,18966,72388,26.2,行业/推估,市占×市场总量,销量代理（非海关进口）。BSCB 2025年2月：市场72388；丰田市占26.2%；雷克萨斯上半年8327（SayaraBay）均摊推估
2025-02,雷克萨斯,全部,日本,1388,72388,,推估,上半年均摊推估,销量代理。雷克萨斯对沙特规格通常日本产。BSCB 2025年2月：市场72388；丰田市占26.2%；雷克萨斯上半年8327（SayaraBay）均摊推估
2025-03,丰田,全部,未知,18095,80076,22.6,行业/推估,residual_from_Q1_share,销量代理（非海关进口）。BSCB 2025年一季度：市场220387，丰田市占25.6%；3月=季度残差（扣1–2月）；雷克萨斯上半年8327（SayaraBay）均摊推估
2025-03,雷克萨斯,全部,日本,1388,80076,,推估,上半年均摊推估,销量代理。雷克萨斯对沙特规格通常日本产。BSCB 2025年一季度：市场220387，丰田市占25.6%；3月=季度残差（扣1–2月）；雷克萨斯上半年8327（SayaraBay）均摊推估
2025-04,丰田,全部,未知,17954,65260,27.5,行业/推估,residual_from_YTD_May,销量代理（非海关进口）。BSCB 2025年4月：市场65260；丰田台数由5月YTD市占26.6%反推残差；雷克萨斯上半年8327（SayaraBay）均摊推估
2025-04,雷克萨斯,全部,日本,1388,65260,,推估,上半年均摊推估,销量代理。雷克萨斯对沙特规格通常日本产。BSCB 2025年4月：市场65260；丰田台数由5月YTD市占26.6%反推残差；雷克萨斯上半年8327（SayaraBay）均摊推估
2025-05,丰田,全部,未知,19537,67369,29.0,行业/推估,市占×市场总量,销量代理（非海关进口）。BSCB 2025年5月：丰田市占29%；雷克萨斯上半年8327（SayaraBay）均摊推估
2025-05,雷克萨斯,全部,日本,1388,67369,,推估,上半年均摊推估,销量代理。雷克萨斯对沙特规格通常日本产。BSCB 2025年5月：丰田市占29%；雷克萨斯上半年8327（SayaraBay）均摊推估
2025-06,丰田,全部,未知,15499,56726,27.3,行业/推估,residual_from_H1_share,销量代理（非海关进口）。BSCB 2025上半年：市场409772，丰田市占26.7%；6月=半年残差；雷克萨斯上半年8327（SayaraBay）均摊推估
2025-06,雷克萨斯,全部,日本,1388,56726,,推估,上半年均摊推估,销量代理。雷克萨斯对沙特规格通常日本产。BSCB 2025上半年：市场409772，丰田市占26.7%；6月=半年残差；雷克萨斯上半年8327（SayaraBay）均摊推估
2025-07,丰田,全部,未知,20226,62815,32.2,行业/推估,市占×市场总量,销量代理（非海关进口）。BSCB 2025年7月：丰田市占32.2%；雷克萨斯月均约1388（按上半年×2年化推估）
2025-07,雷克萨斯,全部,日本,1388,62815,,推估,estimate_H1_annualized_div12,销量代理。雷克萨斯对沙特规格通常日本产。BSCB 2025年7月：丰田市占32.2%；雷克萨斯月均约1388（按上半年×2年化推估）
2025-08,丰田,全部,未知,21873,73153,29.9,行业/推估,市占×市场总量,销量代理（非海关进口）。BSCB 2025年8月：丰田市占29.9%；雅力士轿车当月超5000台；雷克萨斯月均约1388（按上半年×2年化推估）
2025-08,雷克萨斯,全部,日本,1388,73153,,推估,estimate_H1_annualized_div12,销量代理。雷克萨斯对沙特规格通常日本产。BSCB 2025年8月：丰田市占29.9%；雅力士轿车当月超5000台；雷克萨斯月均约1388（按上半年×2年化推估）
2025-09,丰田,全部,未知,22203,74657,29.7,行业/推估,residual_from_YTD_Sep_share,销量代理（非海关进口）。BSCB 2025年1–9月：市场620397，丰田市占28%；雷克萨斯月均约1388（按上半年×2年化推估）
2025-09,雷克萨斯,全部,日本,1388,74657,,推估,estimate_H1_annualized_div12,销量代理。雷克萨斯对沙特规格通常日本产。BSCB 2025年1–9月：市场620397，丰田市占28%；雷克萨斯月均约1388（按上半年×2年化推估）
2025-10,丰田,全部,未知,22952,76507,30.0,行业/推估,市占×市场总量,销量代理（非海关进口）。BSCB 2025年10月：丰田市占约30%；雷克萨斯月均约1388（按上半年×2年化推估）
2025-10,雷克萨斯,全部,日本,1388,76507,,推估,estimate_H1_annualized_div12,销量代理。雷克萨斯对沙特规格通常日本产。BSCB 2025年10月：丰田市占约30%；雷克萨斯月均约1388（按上半年×2年化推估）
2025-11,丰田,全部,未知,22536,76653,29.4,行业/推估,市占×市场总量,销量代理（非海关进口）。BSCB 2025年11月：丰田市占29.4%；雷克萨斯月均约1388（按上半年×2年化推估）
2025-11,雷克萨斯,全部,日本,1388,76653,,推估,estimate_H1_annualized_div12,销量代理。雷克萨斯对沙特规格通常日本产。BSCB 2025年11月：丰田市占29.4%；雷克萨斯月均约1388（按上半年×2年化推估）
2025-12,丰田,全部,未知,25974,83690,31.0,行业/推估,residual_to_FY_share,销量代理（非海关进口）。BSCB FY2025丰田市占28.6%（约245173）；12月=全年残差（1–11月已重建为219199）；雷克萨斯月均约1388（按上半年×2年化推估）
2025-12,雷克萨斯,全部,日本,1388,83690,,推估,estimate_H1_annualized_div12,销量代理。雷克萨斯对沙特规格通常日本产。BSCB FY2025丰田市占28.6%（约245173）；12月=全年残差（1–11月已重建为219199）；雷克萨斯月均约1388（按上半年×2年化推估）
2026-01,丰田,全部,未知,18689,55621,33.6,行业/推估,市占×市场总量,销量代理（非海关进口）。BSCB 2026年1月：市场55621，丰田市占33.6%；雷克萨斯月均约960（按2025上半年年化×(1-0.308)，依据Focus2move截至7月同比-30.8%）
2026-01,雷克萨斯,全部,日本,960,55621,,推估,estimate_from_YoY_decline,销量代理。雷克萨斯对沙特规格通常日本产。BSCB 2026年1月：市场55621，丰田市占33.6%；雷克萨斯月均约960（按2025上半年年化×(1-0.308)，依据Focus2move截至7月同比-30.8%）
2026-02,丰田,全部,未知,18339,59643,30.7,行业/推估,estimate_volume_split_within_Q1,销量代理（非海关进口）。BSCB 2026年一季度：市场166748，丰田市占31.7%；2月按市场量占比拆残差推估（无单独2月市占）；雷克萨斯月均约960（同上缩放）
2026-02,雷克萨斯,全部,日本,960,59643,,推估,estimate_from_YoY_decline,销量代理。雷克萨斯对沙特规格通常日本产。BSCB 2026年一季度：市场166748，丰田市占31.7%；2月按市场量占比拆残差推估（无单独2月市占）；雷克萨斯月均约960（同上缩放）
2026-03,丰田,全部,未知,15831,51484,30.7,行业/推估,estimate_volume_split_within_Q1,销量代理（非海关进口）。BSCB 2026年3月：市场51484（同比-34.7%）；丰田按量占比残差推估；雷克萨斯月均约960（同上缩放）
2026-03,雷克萨斯,全部,日本,960,51484,,推估,estimate_from_YoY_decline,销量代理。雷克萨斯对沙特规格通常日本产。BSCB 2026年3月：市场51484（同比-34.7%）；丰田按量占比残差推估；雷克萨斯月均约960（同上缩放）
2026-04,丰田,全部,未知,14788,50993,29.0,行业/推估,市占×市场总量,销量代理（非海关进口）。BSCB 2026年4月：丰田市占29%（YTD 31.1%）；雷克萨斯月均约960（同上缩放）
2026-04,雷克萨斯,全部,日本,960,50993,,推估,estimate_from_YoY_decline,销量代理。雷克萨斯对沙特规格通常日本产。BSCB 2026年4月：丰田市占29%（YTD 31.1%）；雷克萨斯月均约960（同上缩放）
2026-05,丰田,全部,未知,12287,45338,27.1,行业/推估,市占×市场总量,销量代理（非海关进口）。BSCB 2026年5月：丰田市占27.1%（YTD 30.4%）；雷克萨斯月均约960（同上缩放）
2026-05,雷克萨斯,全部,日本,960,45338,,推估,estimate_from_YoY_decline,销量代理。雷克萨斯对沙特规格通常日本产。BSCB 2026年5月：丰田市占27.1%（YTD 30.4%）；雷克萨斯月均约960（同上缩放）
2026-06,丰田,全部,未知,10300,50379,20.4,行业/推估,residual_from_H1_share,销量代理（非海关进口）。BSCB 2026上半年：市场313458，丰田市占28.8%（同比-17.4%）；雷克萨斯月均约960（同上缩放）
2026-06,雷克萨斯,全部,日本,960,50379,,推估,estimate_from_YoY_decline,销量代理。雷克萨斯对沙特规格通常日本产。BSCB 2026上半年：市场313458，丰田市占28.8%（同比-17.4%）；雷克萨斯月均约960（同上缩放）
2026-07,丰田,全部,未知,7941,41147,19.3,行业/推估,市占×市场总量,销量代理（非海关进口）。BSCB 2026年7月：市场41147，丰田市占19.3%（同比-60.6%）；霍尔木兹物流冲击；YTD丰田27.7%；雷克萨斯月均约960（同上缩放）
2026-07,雷克萨斯,全部,日本,960,41147,,推估,estimate_from_YoY_decline,销量代理。雷克萨斯对沙特规格通常日本产。BSCB 2026年7月：市场41147，丰田市占19.3%（同比-60.6%）；霍尔木兹物流冲击；YTD丰田27.7%；雷克萨斯月均约960（同上缩放）
2026-08,丰田,全部,未知,,,,gap,no_data,截至2026-09-29暂无公开月度销量报告
2026-08,雷克萨斯,全部,日本,,,,gap,no_data,截至2026-09-29暂无公开月度销量报告
2026-09,丰田,全部,未知,,,,gap,no_data_partial_month,截至2026-09-29为不完整月；暂无公开数据
2026-09,雷克萨斯,全部,日本,,,,gap,no_data,截至2026-09-29为不完整月；暂无公开数据
