品牌,车型,年份,数量(台),典型产地,数据性质,可信度,备注
丰田,凯美瑞(燃油+混动),2025,48000,日本,行业,中高,"BSCB公开文字：合计超48,000台"
丰田,雅力士轿车,2025,,泰国,行业排名,中低,BSCB FY2025约第2；台数在付费墙后
丰田,海拉克斯,2025,,泰国,行业排名,中低,BSCB FY2025约第4；台数在付费墙后
丰田,卡罗拉,2025,,日本,行业排名,中低,BSCB FY2025约第7；台数在付费墙后
丰田,RAV4,2025,,日本,行业排名,低,2025年前三季度表现强；台数在付费墙后
丰田,兰德酷路泽300,2025,,日本,定性,低,沙特核心车型；台数在付费墙后
丰田,兰德酷路泽250/普拉多,2025,9245,日本,未核实次级来源,低,仅HalaCarly来源
丰田,Fortuner(穿越者),2025,,泰国/印尼,定性,低,在售车系；中东产地常为泰国/印尼
丰田,汉兰达,2025,,日本,定性,低,量级较低
丰田,Urban Cruiser / Veloz,2025,,印度/印尼,行业提及,低,BSCB提到Urban Cruiser/Veloz为增长或上市车型
雷克萨斯,全部车型(上半年),2025,8327,日本,行业,高,SayaraBay/iCartea：雷克萨斯为2025上半年豪华榜第1
雷克萨斯,ES/RX/NX/LX,2025,,日本,定性,中,沙特常见雷克萨斯组合；分车型在免费来源未公布
丰田,凯美瑞[HalaCarly次级],2025,42795,日本,未核实次级来源,低,"HalaCarly 2025报告；市场总量913,812与BSCB的857,247冲突——勿与BSCB混用不加说明"
丰田,卡罗拉[HalaCarly次级],2025,38881,日本,未核实次级来源,低,HalaCarly；相对BSCB排名语境可能偏高
丰田,海拉克斯[HalaCarly次级],2025,32607,泰国,未核实次级来源,低,HalaCarly
丰田,RAV4[HalaCarly次级],2025,22945,日本,未核实次级来源,低,HalaCarly
丰田,兰德酷路泽[HalaCarly次级],2025,18993,日本,未核实次级来源,低,HalaCarly（系列合计？）
丰田,兰德酷路泽250[HalaCarly次级],2025,9245,日本,未核实次级来源,低,HalaCarly上市年宣称
丰田,丰田品牌合计[HalaCarly次级],2025,214691,多地,未核实次级来源,低,HalaCarly称占913k的23.5%；与BSCB占857k的28.6%（约245k）冲突
