月份,日→沙全品牌进口(台),泰→沙全品牌进口(台),推估丰田系·日本(台),推估丰田系·泰国(台),推估丰田系日泰合计(台),丰田销量代理(台),雷克萨斯销量推估(台),丰田+雷克萨斯销量(台),海关数据是否覆盖,备注
2025-01,13616,6439,9395,5087,14482,19358,1388,20746,是,
2025-02,18712,4960,12911,3918,16829,18966,1388,20354,是,
2025-03,24235,6296,16722,4974,21696,18095,1388,19483,是,
2025-04,20979,4384,14476,3463,17939,17954,1388,19342,是,
2025-05,16026,3143,11058,2483,13541,19537,1388,20925,是,
2025-06,16069,6090,11088,4811,15899,15499,1388,16887,是,
2025-07,22853,12162,15769,9608,25377,20226,1388,21614,是,
2025-08,21124,7942,14576,6274,20850,21873,1388,23261,是,
2025-09,18030,11768,12441,9297,21738,22203,1388,23591,是,
2025-10,23712,7809,16361,6169,22530,22952,1388,24340,是,
2025-11,24317,8307,16779,6563,23342,22536,1388,23924,是,
2025-12,25188,9299,17380,7346,24726,25974,1388,27362,是,
2026-01,17950,8462,12385,6685,19070,18689,960,19649,是,
2026-02,24187,5699,16689,4502,21191,18339,960,19299,是,
2026-03,4573,207,3155,164,3319,15831,960,16791,是,海关与销量双双下滑（霍尔木兹物流冲击）
2026-04,20931,7104,14442,5612,20054,14788,960,15748,是,海关回升；4月日本HS8704数量在API中标记为估算
2026-05,,,,,,12287,960,13247,否,Comtrade月度尚未公布
2026-06,,,,,,10300,960,11260,否,Comtrade月度尚未公布
2026-07,,,,,,7941,960,8901,否,丰田销量同比约-60.6%（BSCB）；霍尔木兹冲击
2026-08,,,,,,,,,否,暂无公开销量；Comtrade尚未公布
2026-09,,,,,,,,,否,暂无公开销量；Comtrade尚未公布
