月份,品牌,车型,来源国,数量(台),指标类型,数据性质,备注
2025-01,全品牌,全部,日本,13616,海关进口,官方,联合国Comtrade：沙特自日本进口HS8703+8704（全品牌）
2025-01,丰田系(推估),全部,日本,9395,推估进口,推估,Comtrade日本走廊×69%（假设丰田系在该走廊占比）
2025-01,全品牌,全部,泰国,6439,海关进口,官方,联合国Comtrade：沙特自泰国进口HS8703+8704（全品牌）
2025-01,丰田系(推估),全部,泰国,5087,推估进口,推估,Comtrade泰国走廊×79%（假设丰田系在该走廊占比）
2025-01,丰田,全部,未知,19358,销量代理,行业/推估,BSCB重建销量；用作进口代理指标
2025-01,雷克萨斯,全部,日本,1388,销量代理,推估,雷克萨斯销量推估（仅2025上半年8327台为硬数）
2025-02,全品牌,全部,日本,18712,海关进口,官方,联合国Comtrade：沙特自日本进口HS8703+8704（全品牌）
2025-02,丰田系(推估),全部,日本,12911,推估进口,推估,Comtrade日本走廊×69%（假设丰田系在该走廊占比）
2025-02,全品牌,全部,泰国,4960,海关进口,官方,联合国Comtrade：沙特自泰国进口HS8703+8704（全品牌）
2025-02,丰田系(推估),全部,泰国,3918,推估进口,推估,Comtrade泰国走廊×79%（假设丰田系在该走廊占比）
2025-02,丰田,全部,未知,18966,销量代理,行业/推估,BSCB重建销量；用作进口代理指标
2025-02,雷克萨斯,全部,日本,1388,销量代理,推估,雷克萨斯销量推估（仅2025上半年8327台为硬数）
2025-03,全品牌,全部,日本,24235,海关进口,官方,联合国Comtrade：沙特自日本进口HS8703+8704（全品牌）
2025-03,丰田系(推估),全部,日本,16722,推估进口,推估,Comtrade日本走廊×69%（假设丰田系在该走廊占比）
2025-03,全品牌,全部,泰国,6296,海关进口,官方,联合国Comtrade：沙特自泰国进口HS8703+8704（全品牌）
2025-03,丰田系(推估),全部,泰国,4974,推估进口,推估,Comtrade泰国走廊×79%（假设丰田系在该走廊占比）
2025-03,丰田,全部,未知,18095,销量代理,行业/推估,BSCB重建销量；用作进口代理指标
2025-03,雷克萨斯,全部,日本,1388,销量代理,推估,雷克萨斯销量推估（仅2025上半年8327台为硬数）
2025-04,全品牌,全部,日本,20979,海关进口,官方,联合国Comtrade：沙特自日本进口HS8703+8704（全品牌）
2025-04,丰田系(推估),全部,日本,14476,推估进口,推估,Comtrade日本走廊×69%（假设丰田系在该走廊占比）
2025-04,全品牌,全部,泰国,4384,海关进口,官方,联合国Comtrade：沙特自泰国进口HS8703+8704（全品牌）
2025-04,丰田系(推估),全部,泰国,3463,推估进口,推估,Comtrade泰国走廊×79%（假设丰田系在该走廊占比）
2025-04,丰田,全部,未知,17954,销量代理,行业/推估,BSCB重建销量；用作进口代理指标
2025-04,雷克萨斯,全部,日本,1388,销量代理,推估,雷克萨斯销量推估（仅2025上半年8327台为硬数）
2025-05,全品牌,全部,日本,16026,海关进口,官方,联合国Comtrade：沙特自日本进口HS8703+8704（全品牌）
2025-05,丰田系(推估),全部,日本,11058,推估进口,推估,Comtrade日本走廊×69%（假设丰田系在该走廊占比）
2025-05,全品牌,全部,泰国,3143,海关进口,官方,联合国Comtrade：沙特自泰国进口HS8703+8704（全品牌）
2025-05,丰田系(推估),全部,泰国,2483,推估进口,推估,Comtrade泰国走廊×79%（假设丰田系在该走廊占比）
2025-05,丰田,全部,未知,19537,销量代理,行业/推估,BSCB重建销量；用作进口代理指标
2025-05,雷克萨斯,全部,日本,1388,销量代理,推估,雷克萨斯销量推估（仅2025上半年8327台为硬数）
2025-06,全品牌,全部,日本,16069,海关进口,官方,联合国Comtrade：沙特自日本进口HS8703+8704（全品牌）
2025-06,丰田系(推估),全部,日本,11088,推估进口,推估,Comtrade日本走廊×69%（假设丰田系在该走廊占比）
2025-06,全品牌,全部,泰国,6090,海关进口,官方,联合国Comtrade：沙特自泰国进口HS8703+8704（全品牌）
2025-06,丰田系(推估),全部,泰国,4811,推估进口,推估,Comtrade泰国走廊×79%（假设丰田系在该走廊占比）
2025-06,丰田,全部,未知,15499,销量代理,行业/推估,BSCB重建销量；用作进口代理指标
2025-06,雷克萨斯,全部,日本,1388,销量代理,推估,雷克萨斯销量推估（仅2025上半年8327台为硬数）
2025-07,全品牌,全部,日本,22853,海关进口,官方,联合国Comtrade：沙特自日本进口HS8703+8704（全品牌）
2025-07,丰田系(推估),全部,日本,15769,推估进口,推估,Comtrade日本走廊×69%（假设丰田系在该走廊占比）
2025-07,全品牌,全部,泰国,12162,海关进口,官方,联合国Comtrade：沙特自泰国进口HS8703+8704（全品牌）
2025-07,丰田系(推估),全部,泰国,9608,推估进口,推估,Comtrade泰国走廊×79%（假设丰田系在该走廊占比）
2025-07,丰田,全部,未知,20226,销量代理,行业/推估,BSCB重建销量；用作进口代理指标
2025-07,雷克萨斯,全部,日本,1388,销量代理,推估,雷克萨斯销量推估（仅2025上半年8327台为硬数）
2025-08,全品牌,全部,日本,21124,海关进口,官方,联合国Comtrade：沙特自日本进口HS8703+8704（全品牌）
2025-08,丰田系(推估),全部,日本,14576,推估进口,推估,Comtrade日本走廊×69%（假设丰田系在该走廊占比）
2025-08,全品牌,全部,泰国,7942,海关进口,官方,联合国Comtrade：沙特自泰国进口HS8703+8704（全品牌）
2025-08,丰田系(推估),全部,泰国,6274,推估进口,推估,Comtrade泰国走廊×79%（假设丰田系在该走廊占比）
2025-08,丰田,全部,未知,21873,销量代理,行业/推估,BSCB重建销量；用作进口代理指标
2025-08,雷克萨斯,全部,日本,1388,销量代理,推估,雷克萨斯销量推估（仅2025上半年8327台为硬数）
2025-09,全品牌,全部,日本,18030,海关进口,官方,联合国Comtrade：沙特自日本进口HS8703+8704（全品牌）
2025-09,丰田系(推估),全部,日本,12441,推估进口,推估,Comtrade日本走廊×69%（假设丰田系在该走廊占比）
2025-09,全品牌,全部,泰国,11768,海关进口,官方,联合国Comtrade：沙特自泰国进口HS8703+8704（全品牌）
2025-09,丰田系(推估),全部,泰国,9297,推估进口,推估,Comtrade泰国走廊×79%（假设丰田系在该走廊占比）
2025-09,丰田,全部,未知,22203,销量代理,行业/推估,BSCB重建销量；用作进口代理指标
2025-09,雷克萨斯,全部,日本,1388,销量代理,推估,雷克萨斯销量推估（仅2025上半年8327台为硬数）
2025-10,全品牌,全部,日本,23712,海关进口,官方,联合国Comtrade：沙特自日本进口HS8703+8704（全品牌）
2025-10,丰田系(推估),全部,日本,16361,推估进口,推估,Comtrade日本走廊×69%（假设丰田系在该走廊占比）
2025-10,全品牌,全部,泰国,7809,海关进口,官方,联合国Comtrade：沙特自泰国进口HS8703+8704（全品牌）
2025-10,丰田系(推估),全部,泰国,6169,推估进口,推估,Comtrade泰国走廊×79%（假设丰田系在该走廊占比）
2025-10,丰田,全部,未知,22952,销量代理,行业/推估,BSCB重建销量；用作进口代理指标
2025-10,雷克萨斯,全部,日本,1388,销量代理,推估,雷克萨斯销量推估（仅2025上半年8327台为硬数）
2025-11,全品牌,全部,日本,24317,海关进口,官方,联合国Comtrade：沙特自日本进口HS8703+8704（全品牌）
2025-11,丰田系(推估),全部,日本,16779,推估进口,推估,Comtrade日本走廊×69%（假设丰田系在该走廊占比）
2025-11,全品牌,全部,泰国,8307,海关进口,官方,联合国Comtrade：沙特自泰国进口HS8703+8704（全品牌）
2025-11,丰田系(推估),全部,泰国,6563,推估进口,推估,Comtrade泰国走廊×79%（假设丰田系在该走廊占比）
2025-11,丰田,全部,未知,22536,销量代理,行业/推估,BSCB重建销量；用作进口代理指标
2025-11,雷克萨斯,全部,日本,1388,销量代理,推估,雷克萨斯销量推估（仅2025上半年8327台为硬数）
2025-12,全品牌,全部,日本,25188,海关进口,官方,联合国Comtrade：沙特自日本进口HS8703+8704（全品牌）
2025-12,丰田系(推估),全部,日本,17380,推估进口,推估,Comtrade日本走廊×69%（假设丰田系在该走廊占比）
2025-12,全品牌,全部,泰国,9299,海关进口,官方,联合国Comtrade：沙特自泰国进口HS8703+8704（全品牌）
2025-12,丰田系(推估),全部,泰国,7346,推估进口,推估,Comtrade泰国走廊×79%（假设丰田系在该走廊占比）
2025-12,丰田,全部,未知,25974,销量代理,行业/推估,BSCB重建销量；用作进口代理指标
2025-12,雷克萨斯,全部,日本,1388,销量代理,推估,雷克萨斯销量推估（仅2025上半年8327台为硬数）
2026-01,全品牌,全部,日本,17950,海关进口,官方,联合国Comtrade：沙特自日本进口HS8703+8704（全品牌）
2026-01,丰田系(推估),全部,日本,12385,推估进口,推估,Comtrade日本走廊×69%（假设丰田系在该走廊占比）
2026-01,全品牌,全部,泰国,8462,海关进口,官方,联合国Comtrade：沙特自泰国进口HS8703+8704（全品牌）
2026-01,丰田系(推估),全部,泰国,6685,推估进口,推估,Comtrade泰国走廊×79%（假设丰田系在该走廊占比）
2026-01,丰田,全部,未知,18689,销量代理,行业/推估,BSCB重建销量；用作进口代理指标
2026-01,雷克萨斯,全部,日本,960,销量代理,推估,雷克萨斯销量推估（仅2025上半年8327台为硬数）
2026-02,全品牌,全部,日本,24187,海关进口,官方,联合国Comtrade：沙特自日本进口HS8703+8704（全品牌）
2026-02,丰田系(推估),全部,日本,16689,推估进口,推估,Comtrade日本走廊×69%（假设丰田系在该走廊占比）
2026-02,全品牌,全部,泰国,5699,海关进口,官方,联合国Comtrade：沙特自泰国进口HS8703+8704（全品牌）
2026-02,丰田系(推估),全部,泰国,4502,推估进口,推估,Comtrade泰国走廊×79%（假设丰田系在该走廊占比）
2026-02,丰田,全部,未知,18339,销量代理,行业/推估,BSCB重建销量；用作进口代理指标
2026-02,雷克萨斯,全部,日本,960,销量代理,推估,雷克萨斯销量推估（仅2025上半年8327台为硬数）
2026-03,全品牌,全部,日本,4573,海关进口,官方,联合国Comtrade：沙特自日本进口HS8703+8704（全品牌）
2026-03,丰田系(推估),全部,日本,3155,推估进口,推估,Comtrade日本走廊×69%（假设丰田系在该走廊占比）
2026-03,全品牌,全部,泰国,207,海关进口,官方,联合国Comtrade：沙特自泰国进口HS8703+8704（全品牌）
2026-03,丰田系(推估),全部,泰国,164,推估进口,推估,Comtrade泰国走廊×79%（假设丰田系在该走廊占比）
2026-03,丰田,全部,未知,15831,销量代理,行业/推估,BSCB重建销量；用作进口代理指标
2026-03,雷克萨斯,全部,日本,960,销量代理,推估,雷克萨斯销量推估（仅2025上半年8327台为硬数）
2026-04,全品牌,全部,日本,20931,海关进口,官方,联合国Comtrade：沙特自日本进口HS8703+8704（全品牌）
2026-04,丰田系(推估),全部,日本,14442,推估进口,推估,Comtrade日本走廊×69%（假设丰田系在该走廊占比）
2026-04,全品牌,全部,泰国,7104,海关进口,官方,联合国Comtrade：沙特自泰国进口HS8703+8704（全品牌）
2026-04,丰田系(推估),全部,泰国,5612,推估进口,推估,Comtrade泰国走廊×79%（假设丰田系在该走廊占比）
2026-04,丰田,全部,未知,14788,销量代理,行业/推估,BSCB重建销量；用作进口代理指标
2026-04,雷克萨斯,全部,日本,960,销量代理,推估,雷克萨斯销量推估（仅2025上半年8327台为硬数）
2026-05,全品牌,全部,日本,,海关进口,gap,Comtrade月度尚未公布
2026-05,全品牌,全部,泰国,,海关进口,gap,Comtrade月度尚未公布
2026-05,丰田,全部,未知,12287,销量代理,行业/推估,BSCB重建销量；用作进口代理指标
2026-05,雷克萨斯,全部,日本,960,销量代理,推估,雷克萨斯销量推估（仅2025上半年8327台为硬数）
2026-06,全品牌,全部,日本,,海关进口,gap,Comtrade月度尚未公布
2026-06,全品牌,全部,泰国,,海关进口,gap,Comtrade月度尚未公布
2026-06,丰田,全部,未知,10300,销量代理,行业/推估,BSCB重建销量；用作进口代理指标
2026-06,雷克萨斯,全部,日本,960,销量代理,推估,雷克萨斯销量推估（仅2025上半年8327台为硬数）
2026-07,全品牌,全部,日本,,海关进口,gap,Comtrade月度尚未公布
2026-07,全品牌,全部,泰国,,海关进口,gap,Comtrade月度尚未公布
2026-07,丰田,全部,未知,7941,销量代理,行业/推估,BSCB重建销量；用作进口代理指标
2026-07,雷克萨斯,全部,日本,960,销量代理,推估,雷克萨斯销量推估（仅2025上半年8327台为硬数）
2026-08,全品牌,全部,日本,,海关进口,gap,Comtrade月度尚未公布
2026-08,全品牌,全部,泰国,,海关进口,gap,Comtrade月度尚未公布
2026-08,丰田,全部,未知,,销量代理,gap,BSCB重建销量；用作进口代理指标
2026-08,雷克萨斯,全部,日本,,销量代理,gap,雷克萨斯销量推估（仅2025上半年8327台为硬数）
2026-09,全品牌,全部,日本,,海关进口,gap,Comtrade月度尚未公布
2026-09,全品牌,全部,泰国,,海关进口,gap,Comtrade月度尚未公布
2026-09,丰田,全部,未知,,销量代理,gap,BSCB重建销量；用作进口代理指标
2026-09,雷克萨斯,全部,日本,,销量代理,gap,雷克萨斯销量推估（仅2025上半年8327台为硬数）
