月份,品牌,源列,源字段名称,供给模拟基准(台),直营模拟销量(台),二级展厅模拟销量(台),模拟销量合计(台),与基准差异(台),直营比例假设,处理结果,源数据说明
2025-01,丰田,G,丰田销量代理(台),19358,13551,5807,19358,0,0.7,总量一致,按用户指定G/H作全国基准；非港口实际到货量
2025-01,雷克萨斯,H,雷克萨斯销量推估(台),1388,1249,139,1388,0,0.9,总量一致,按用户指定G/H作全国基准；非港口实际到货量
2025-02,丰田,G,丰田销量代理(台),18966,13276,5690,18966,0,0.7,总量一致,按用户指定G/H作全国基准；非港口实际到货量
2025-02,雷克萨斯,H,雷克萨斯销量推估(台),1388,1249,139,1388,0,0.9,总量一致,按用户指定G/H作全国基准；非港口实际到货量
2025-03,丰田,G,丰田销量代理(台),18095,12666,5429,18095,0,0.7,总量一致,按用户指定G/H作全国基准；非港口实际到货量
2025-03,雷克萨斯,H,雷克萨斯销量推估(台),1388,1249,139,1388,0,0.9,总量一致,按用户指定G/H作全国基准；非港口实际到货量
2025-04,丰田,G,丰田销量代理(台),17954,12568,5386,17954,0,0.7,总量一致,按用户指定G/H作全国基准；非港口实际到货量
2025-04,雷克萨斯,H,雷克萨斯销量推估(台),1388,1249,139,1388,0,0.9,总量一致,按用户指定G/H作全国基准；非港口实际到货量
2025-05,丰田,G,丰田销量代理(台),19537,13676,5861,19537,0,0.7,总量一致,按用户指定G/H作全国基准；非港口实际到货量
2025-05,雷克萨斯,H,雷克萨斯销量推估(台),1388,1249,139,1388,0,0.9,总量一致,按用户指定G/H作全国基准；非港口实际到货量
2025-06,丰田,G,丰田销量代理(台),15499,10849,4650,15499,0,0.7,总量一致,按用户指定G/H作全国基准；非港口实际到货量
2025-06,雷克萨斯,H,雷克萨斯销量推估(台),1388,1249,139,1388,0,0.9,总量一致,按用户指定G/H作全国基准；非港口实际到货量
2025-07,丰田,G,丰田销量代理(台),20226,14158,6068,20226,0,0.7,总量一致,按用户指定G/H作全国基准；非港口实际到货量
2025-07,雷克萨斯,H,雷克萨斯销量推估(台),1388,1249,139,1388,0,0.9,总量一致,按用户指定G/H作全国基准；非港口实际到货量
2025-08,丰田,G,丰田销量代理(台),21873,15311,6562,21873,0,0.7,总量一致,按用户指定G/H作全国基准；非港口实际到货量
2025-08,雷克萨斯,H,雷克萨斯销量推估(台),1388,1249,139,1388,0,0.9,总量一致,按用户指定G/H作全国基准；非港口实际到货量
2025-09,丰田,G,丰田销量代理(台),22203,15542,6661,22203,0,0.7,总量一致,按用户指定G/H作全国基准；非港口实际到货量
2025-09,雷克萨斯,H,雷克萨斯销量推估(台),1388,1249,139,1388,0,0.9,总量一致,按用户指定G/H作全国基准；非港口实际到货量
2025-10,丰田,G,丰田销量代理(台),22952,16066,6886,22952,0,0.7,总量一致,按用户指定G/H作全国基准；非港口实际到货量
2025-10,雷克萨斯,H,雷克萨斯销量推估(台),1388,1249,139,1388,0,0.9,总量一致,按用户指定G/H作全国基准；非港口实际到货量
2025-11,丰田,G,丰田销量代理(台),22536,15775,6761,22536,0,0.7,总量一致,按用户指定G/H作全国基准；非港口实际到货量
2025-11,雷克萨斯,H,雷克萨斯销量推估(台),1388,1249,139,1388,0,0.9,总量一致,按用户指定G/H作全国基准；非港口实际到货量
2025-12,丰田,G,丰田销量代理(台),25974,18182,7792,25974,0,0.7,总量一致,按用户指定G/H作全国基准；非港口实际到货量
2025-12,雷克萨斯,H,雷克萨斯销量推估(台),1388,1249,139,1388,0,0.9,总量一致,按用户指定G/H作全国基准；非港口实际到货量
2026-01,丰田,G,丰田销量代理(台),18689,13082,5607,18689,0,0.7,总量一致,按用户指定G/H作全国基准；非港口实际到货量
2026-01,雷克萨斯,H,雷克萨斯销量推估(台),960,864,96,960,0,0.9,总量一致,按用户指定G/H作全国基准；非港口实际到货量
2026-02,丰田,G,丰田销量代理(台),18339,12837,5502,18339,0,0.7,总量一致,按用户指定G/H作全国基准；非港口实际到货量
2026-02,雷克萨斯,H,雷克萨斯销量推估(台),960,864,96,960,0,0.9,总量一致,按用户指定G/H作全国基准；非港口实际到货量
2026-03,丰田,G,丰田销量代理(台),15831,11082,4749,15831,0,0.7,总量一致,按用户指定G/H作全国基准；非港口实际到货量
2026-03,雷克萨斯,H,雷克萨斯销量推估(台),960,864,96,960,0,0.9,总量一致,按用户指定G/H作全国基准；非港口实际到货量
2026-04,丰田,G,丰田销量代理(台),14788,10352,4436,14788,0,0.7,总量一致,按用户指定G/H作全国基准；非港口实际到货量
2026-04,雷克萨斯,H,雷克萨斯销量推估(台),960,864,96,960,0,0.9,总量一致,按用户指定G/H作全国基准；非港口实际到货量
2026-05,丰田,G,丰田销量代理(台),12287,8601,3686,12287,0,0.7,总量一致,按用户指定G/H作全国基准；非港口实际到货量
2026-05,雷克萨斯,H,雷克萨斯销量推估(台),960,864,96,960,0,0.9,总量一致,按用户指定G/H作全国基准；非港口实际到货量
2026-06,丰田,G,丰田销量代理(台),10300,7210,3090,10300,0,0.7,总量一致,按用户指定G/H作全国基准；非港口实际到货量
2026-06,雷克萨斯,H,雷克萨斯销量推估(台),960,864,96,960,0,0.9,总量一致,按用户指定G/H作全国基准；非港口实际到货量
2026-07,丰田,G,丰田销量代理(台),7941,5559,2382,7941,0,0.7,总量一致,按用户指定G/H作全国基准；非港口实际到货量
2026-07,雷克萨斯,H,雷克萨斯销量推估(台),960,864,96,960,0,0.9,总量一致,按用户指定G/H作全国基准；非港口实际到货量
2026-08,丰田,G,丰田销量代理(台),,,,,,0.7,源数据缺失；未生成销量,按用户指定G/H作全国基准；非港口实际到货量
2026-08,雷克萨斯,H,雷克萨斯销量推估(台),,,,,,0.9,源数据缺失；未生成销量,按用户指定G/H作全国基准；非港口实际到货量
2026-09,丰田,G,丰田销量代理(台),,,,,,0.7,源数据缺失；未生成销量,按用户指定G/H作全国基准；非港口实际到货量
2026-09,雷克萨斯,H,雷克萨斯销量推估(台),,,,,,0.9,源数据缺失；未生成销量,按用户指定G/H作全国基准；非港口实际到货量
