月份,交易身份编码,客户名称,客户类型,品牌,月销量(台),月天数,折算周均销量(台),数据性质
2025-01,MOCK-TD-001,模拟ALJ直营零售主体,直营,丰田,13551,31,3059.9032,模拟
2025-01,MOCK-TD-001,模拟ALJ直营零售主体,直营,雷克萨斯,1249,31,282.0323,模拟
2025-01,MOCK-TA-001,模拟利雅得授权车商01,二级展厅,丰田,165,31,37.2581,模拟
2025-01,MOCK-TA-001,模拟利雅得授权车商01,二级展厅,雷克萨斯,20,31,4.5161,模拟
2025-01,MOCK-TA-002,模拟利雅得授权车商02,二级展厅,丰田,127,31,28.6774,模拟
2025-01,MOCK-TA-003,模拟利雅得授权车商03,二级展厅,丰田,146,31,32.9677,模拟
2025-01,MOCK-TA-004,模拟利雅得授权车商04,二级展厅,丰田,171,31,38.6129,模拟
2025-01,MOCK-TA-005,模拟利雅得授权车商05,二级展厅,丰田,122,31,27.5484,模拟
2025-01,MOCK-TA-006,模拟利雅得授权车商06,二级展厅,丰田,177,31,39.9677,模拟
2025-01,MOCK-TA-007,模拟利雅得授权车商07,二级展厅,丰田,138,31,31.1613,模拟
2025-01,MOCK-TA-008,模拟利雅得授权车商08,二级展厅,丰田,152,31,34.3226,模拟
2025-01,MOCK-TA-009,模拟吉达授权车商01,二级展厅,丰田,151,31,34.0968,模拟
2025-01,MOCK-TA-009,模拟吉达授权车商01,二级展厅,雷克萨斯,21,31,4.7419,模拟
2025-01,MOCK-TA-010,模拟吉达授权车商02,二级展厅,丰田,202,31,45.6129,模拟
2025-01,MOCK-TA-011,模拟吉达授权车商03,二级展厅,丰田,143,31,32.2903,模拟
2025-01,MOCK-TA-012,模拟吉达授权车商04,二级展厅,丰田,151,31,34.0968,模拟
2025-01,MOCK-TA-013,模拟吉达授权车商05,二级展厅,丰田,173,31,39.0645,模拟
2025-01,MOCK-TA-014,模拟吉达授权车商06,二级展厅,丰田,146,31,32.9677,模拟
2025-01,MOCK-TA-015,模拟达曼授权车商01,二级展厅,丰田,136,31,30.7097,模拟
2025-01,MOCK-TA-015,模拟达曼授权车商01,二级展厅,雷克萨斯,17,31,3.8387,模拟
2025-01,MOCK-TA-016,模拟达曼授权车商02,二级展厅,丰田,110,31,24.8387,模拟
2025-01,MOCK-TA-017,模拟达曼授权车商03,二级展厅,丰田,140,31,31.6129,模拟
2025-01,MOCK-TA-018,模拟达曼授权车商04,二级展厅,丰田,164,31,37.0323,模拟
2025-01,MOCK-TA-019,模拟胡拜尔授权车商01,二级展厅,丰田,127,31,28.6774,模拟
2025-01,MOCK-TA-019,模拟胡拜尔授权车商01,二级展厅,雷克萨斯,18,31,4.0645,模拟
2025-01,MOCK-TA-020,模拟胡拜尔授权车商02,二级展厅,丰田,142,31,32.0645,模拟
2025-01,MOCK-TA-021,模拟麦加授权车商01,二级展厅,丰田,127,31,28.6774,模拟
2025-01,MOCK-TA-021,模拟麦加授权车商01,二级展厅,雷克萨斯,16,31,3.6129,模拟
2025-01,MOCK-TA-022,模拟麦加授权车商02,二级展厅,丰田,139,31,31.3871,模拟
2025-01,MOCK-TA-023,模拟麦加授权车商03,二级展厅,丰田,131,31,29.5806,模拟
2025-01,MOCK-TA-024,模拟麦地那授权车商01,二级展厅,丰田,121,31,27.3226,模拟
2025-01,MOCK-TA-024,模拟麦地那授权车商01,二级展厅,雷克萨斯,15,31,3.3871,模拟
2025-01,MOCK-TA-025,模拟麦地那授权车商02,二级展厅,丰田,144,31,32.5161,模拟
2025-01,MOCK-TA-026,模拟塔伊夫授权车商01,二级展厅,丰田,90,31,20.3226,模拟
2025-01,MOCK-TA-027,模拟塔伊夫授权车商02,二级展厅,丰田,102,31,23.0323,模拟
2025-01,MOCK-TA-028,模拟哈萨授权车商01,二级展厅,丰田,116,31,26.1935,模拟
2025-01,MOCK-TA-029,模拟哈萨授权车商02,二级展厅,丰田,96,31,21.6774,模拟
2025-01,MOCK-TA-030,模拟布赖代授权车商01,二级展厅,丰田,138,31,31.1613,模拟
2025-01,MOCK-TA-030,模拟布赖代授权车商01,二级展厅,雷克萨斯,17,31,3.8387,模拟
2025-01,MOCK-TA-031,模拟布赖代授权车商02,二级展厅,丰田,113,31,25.5161,模拟
2025-01,MOCK-TA-032,模拟布赖代授权车商03,二级展厅,丰田,133,31,30.0323,模拟
2025-01,MOCK-TA-033,模拟欧奈宰授权车商01,二级展厅,丰田,103,31,23.2581,模拟
2025-01,MOCK-TA-034,模拟哈伊勒授权车商01,二级展厅,丰田,107,31,24.1613,模拟
2025-01,MOCK-TA-035,模拟哈伊勒授权车商02,二级展厅,丰田,78,31,17.6129,模拟
2025-01,MOCK-TA-036,模拟塔布克授权车商01,二级展厅,丰田,88,31,19.871,模拟
2025-01,MOCK-TA-037,模拟塔布克授权车商02,二级展厅,丰田,80,31,18.0645,模拟
2025-01,MOCK-TA-038,模拟艾卜哈授权车商01,二级展厅,丰田,102,31,23.0323,模拟
2025-01,MOCK-TA-038,模拟艾卜哈授权车商01,二级展厅,雷克萨斯,15,31,3.3871,模拟
2025-01,MOCK-TA-039,模拟艾卜哈授权车商02,二级展厅,丰田,127,31,28.6774,模拟
2025-01,MOCK-TA-040,模拟海米斯穆谢特授权车商01,二级展厅,丰田,119,31,26.871,模拟
2025-01,MOCK-TA-041,模拟吉赞授权车商01,二级展厅,丰田,125,31,28.2258,模拟
2025-01,MOCK-TA-042,模拟吉赞授权车商02,二级展厅,丰田,117,31,26.4194,模拟
2025-01,MOCK-TA-043,模拟奈季兰授权车商01,二级展厅,丰田,100,31,22.5806,模拟
2025-01,MOCK-TA-044,模拟延布授权车商01,二级展厅,丰田,122,31,27.5484,模拟
2025-01,MOCK-TA-045,模拟朱拜勒授权车商01,二级展厅,丰田,106,31,23.9355,模拟
2025-02,MOCK-TD-001,模拟ALJ直营零售主体,直营,丰田,13276,28,3319,模拟
2025-02,MOCK-TD-001,模拟ALJ直营零售主体,直营,雷克萨斯,1249,28,312.25,模拟
2025-02,MOCK-TA-001,模拟利雅得授权车商01,二级展厅,丰田,151,28,37.75,模拟
2025-02,MOCK-TA-001,模拟利雅得授权车商01,二级展厅,雷克萨斯,18,28,4.5,模拟
2025-02,MOCK-TA-002,模拟利雅得授权车商02,二级展厅,丰田,129,28,32.25,模拟
2025-02,MOCK-TA-003,模拟利雅得授权车商03,二级展厅,丰田,145,28,36.25,模拟
2025-02,MOCK-TA-004,模拟利雅得授权车商04,二级展厅,丰田,189,28,47.25,模拟
2025-02,MOCK-TA-005,模拟利雅得授权车商05,二级展厅,丰田,127,28,31.75,模拟
2025-02,MOCK-TA-006,模拟利雅得授权车商06,二级展厅,丰田,184,28,46,模拟
2025-02,MOCK-TA-007,模拟利雅得授权车商07,二级展厅,丰田,129,28,32.25,模拟
2025-02,MOCK-TA-008,模拟利雅得授权车商08,二级展厅,丰田,144,28,36,模拟
2025-02,MOCK-TA-009,模拟吉达授权车商01,二级展厅,丰田,126,28,31.5,模拟
2025-02,MOCK-TA-009,模拟吉达授权车商01,二级展厅,雷克萨斯,19,28,4.75,模拟
2025-02,MOCK-TA-010,模拟吉达授权车商02,二级展厅,丰田,176,28,44,模拟
2025-02,MOCK-TA-011,模拟吉达授权车商03,二级展厅,丰田,148,28,37,模拟
2025-02,MOCK-TA-012,模拟吉达授权车商04,二级展厅,丰田,143,28,35.75,模拟
2025-02,MOCK-TA-013,模拟吉达授权车商05,二级展厅,丰田,154,28,38.5,模拟
2025-02,MOCK-TA-014,模拟吉达授权车商06,二级展厅,丰田,146,28,36.5,模拟
2025-02,MOCK-TA-015,模拟达曼授权车商01,二级展厅,丰田,113,28,28.25,模拟
2025-02,MOCK-TA-015,模拟达曼授权车商01,二级展厅,雷克萨斯,16,28,4,模拟
2025-02,MOCK-TA-016,模拟达曼授权车商02,二级展厅,丰田,119,28,29.75,模拟
2025-02,MOCK-TA-017,模拟达曼授权车商03,二级展厅,丰田,151,28,37.75,模拟
2025-02,MOCK-TA-018,模拟达曼授权车商04,二级展厅,丰田,137,28,34.25,模拟
2025-02,MOCK-TA-019,模拟胡拜尔授权车商01,二级展厅,丰田,139,28,34.75,模拟
2025-02,MOCK-TA-019,模拟胡拜尔授权车商01,二级展厅,雷克萨斯,19,28,4.75,模拟
2025-02,MOCK-TA-020,模拟胡拜尔授权车商02,二级展厅,丰田,135,28,33.75,模拟
2025-02,MOCK-TA-021,模拟麦加授权车商01,二级展厅,丰田,122,28,30.5,模拟
2025-02,MOCK-TA-021,模拟麦加授权车商01,二级展厅,雷克萨斯,16,28,4,模拟
2025-02,MOCK-TA-022,模拟麦加授权车商02,二级展厅,丰田,140,28,35,模拟
2025-02,MOCK-TA-023,模拟麦加授权车商03,二级展厅,丰田,113,28,28.25,模拟
2025-02,MOCK-TA-024,模拟麦地那授权车商01,二级展厅,丰田,116,28,29,模拟
2025-02,MOCK-TA-024,模拟麦地那授权车商01,二级展厅,雷克萨斯,15,28,3.75,模拟
2025-02,MOCK-TA-025,模拟麦地那授权车商02,二级展厅,丰田,128,28,32,模拟
2025-02,MOCK-TA-026,模拟塔伊夫授权车商01,二级展厅,丰田,106,28,26.5,模拟
2025-02,MOCK-TA-027,模拟塔伊夫授权车商02,二级展厅,丰田,125,28,31.25,模拟
2025-02,MOCK-TA-028,模拟哈萨授权车商01,二级展厅,丰田,113,28,28.25,模拟
2025-02,MOCK-TA-029,模拟哈萨授权车商02,二级展厅,丰田,104,28,26,模拟
2025-02,MOCK-TA-030,模拟布赖代授权车商01,二级展厅,丰田,132,28,33,模拟
2025-02,MOCK-TA-030,模拟布赖代授权车商01,二级展厅,雷克萨斯,21,28,5.25,模拟
2025-02,MOCK-TA-031,模拟布赖代授权车商02,二级展厅,丰田,134,28,33.5,模拟
2025-02,MOCK-TA-032,模拟布赖代授权车商03,二级展厅,丰田,131,28,32.75,模拟
2025-02,MOCK-TA-033,模拟欧奈宰授权车商01,二级展厅,丰田,94,28,23.5,模拟
2025-02,MOCK-TA-034,模拟哈伊勒授权车商01,二级展厅,丰田,102,28,25.5,模拟
2025-02,MOCK-TA-035,模拟哈伊勒授权车商02,二级展厅,丰田,93,28,23.25,模拟
2025-02,MOCK-TA-036,模拟塔布克授权车商01,二级展厅,丰田,89,28,22.25,模拟
2025-02,MOCK-TA-037,模拟塔布克授权车商02,二级展厅,丰田,83,28,20.75,模拟
2025-02,MOCK-TA-038,模拟艾卜哈授权车商01,二级展厅,丰田,96,28,24,模拟
2025-02,MOCK-TA-038,模拟艾卜哈授权车商01,二级展厅,雷克萨斯,15,28,3.75,模拟
2025-02,MOCK-TA-039,模拟艾卜哈授权车商02,二级展厅,丰田,118,28,29.5,模拟
2025-02,MOCK-TA-040,模拟海米斯穆谢特授权车商01,二级展厅,丰田,99,28,24.75,模拟
2025-02,MOCK-TA-041,模拟吉赞授权车商01,二级展厅,丰田,133,28,33.25,模拟
2025-02,MOCK-TA-042,模拟吉赞授权车商02,二级展厅,丰田,124,28,31,模拟
2025-02,MOCK-TA-043,模拟奈季兰授权车商01,二级展厅,丰田,98,28,24.5,模拟
2025-02,MOCK-TA-044,模拟延布授权车商01,二级展厅,丰田,107,28,26.75,模拟
2025-02,MOCK-TA-045,模拟朱拜勒授权车商01,二级展厅,丰田,105,28,26.25,模拟
2025-03,MOCK-TD-001,模拟ALJ直营零售主体,直营,丰田,12666,31,2860.0645,模拟
2025-03,MOCK-TD-001,模拟ALJ直营零售主体,直营,雷克萨斯,1249,31,282.0323,模拟
2025-03,MOCK-TA-001,模拟利雅得授权车商01,二级展厅,丰田,138,31,31.1613,模拟
2025-03,MOCK-TA-001,模拟利雅得授权车商01,二级展厅,雷克萨斯,20,31,4.5161,模拟
2025-03,MOCK-TA-002,模拟利雅得授权车商02,二级展厅,丰田,132,31,29.8065,模拟
2025-03,MOCK-TA-003,模拟利雅得授权车商03,二级展厅,丰田,138,31,31.1613,模拟
2025-03,MOCK-TA-004,模拟利雅得授权车商04,二级展厅,丰田,168,31,37.9355,模拟
2025-03,MOCK-TA-005,模拟利雅得授权车商05,二级展厅,丰田,131,31,29.5806,模拟
2025-03,MOCK-TA-006,模拟利雅得授权车商06,二级展厅,丰田,160,31,36.129,模拟
2025-03,MOCK-TA-007,模拟利雅得授权车商07,二级展厅,丰田,136,31,30.7097,模拟
2025-03,MOCK-TA-008,模拟利雅得授权车商08,二级展厅,丰田,140,31,31.6129,模拟
2025-03,MOCK-TA-009,模拟吉达授权车商01,二级展厅,丰田,146,31,32.9677,模拟
2025-03,MOCK-TA-009,模拟吉达授权车商01,二级展厅,雷克萨斯,18,31,4.0645,模拟
2025-03,MOCK-TA-010,模拟吉达授权车商02,二级展厅,丰田,166,31,37.4839,模拟
2025-03,MOCK-TA-011,模拟吉达授权车商03,二级展厅,丰田,120,31,27.0968,模拟
2025-03,MOCK-TA-012,模拟吉达授权车商04,二级展厅,丰田,139,31,31.3871,模拟
2025-03,MOCK-TA-013,模拟吉达授权车商05,二级展厅,丰田,154,31,34.7742,模拟
2025-03,MOCK-TA-014,模拟吉达授权车商06,二级展厅,丰田,124,31,28,模拟
2025-03,MOCK-TA-015,模拟达曼授权车商01,二级展厅,丰田,123,31,27.7742,模拟
2025-03,MOCK-TA-015,模拟达曼授权车商01,二级展厅,雷克萨斯,15,31,3.3871,模拟
2025-03,MOCK-TA-016,模拟达曼授权车商02,二级展厅,丰田,112,31,25.2903,模拟
2025-03,MOCK-TA-017,模拟达曼授权车商03,二级展厅,丰田,132,31,29.8065,模拟
2025-03,MOCK-TA-018,模拟达曼授权车商04,二级展厅,丰田,154,31,34.7742,模拟
2025-03,MOCK-TA-019,模拟胡拜尔授权车商01,二级展厅,丰田,140,31,31.6129,模拟
2025-03,MOCK-TA-019,模拟胡拜尔授权车商01,二级展厅,雷克萨斯,19,31,4.2903,模拟
2025-03,MOCK-TA-020,模拟胡拜尔授权车商02,二级展厅,丰田,135,31,30.4839,模拟
2025-03,MOCK-TA-021,模拟麦加授权车商01,二级展厅,丰田,123,31,27.7742,模拟
2025-03,MOCK-TA-021,模拟麦加授权车商01,二级展厅,雷克萨斯,17,31,3.8387,模拟
2025-03,MOCK-TA-022,模拟麦加授权车商02,二级展厅,丰田,111,31,25.0645,模拟
2025-03,MOCK-TA-023,模拟麦加授权车商03,二级展厅,丰田,133,31,30.0323,模拟
2025-03,MOCK-TA-024,模拟麦地那授权车商01,二级展厅,丰田,101,31,22.8065,模拟
2025-03,MOCK-TA-024,模拟麦地那授权车商01,二级展厅,雷克萨斯,16,31,3.6129,模拟
2025-03,MOCK-TA-025,模拟麦地那授权车商02,二级展厅,丰田,130,31,29.3548,模拟
2025-03,MOCK-TA-026,模拟塔伊夫授权车商01,二级展厅,丰田,87,31,19.6452,模拟
2025-03,MOCK-TA-027,模拟塔伊夫授权车商02,二级展厅,丰田,110,31,24.8387,模拟
2025-03,MOCK-TA-028,模拟哈萨授权车商01,二级展厅,丰田,111,31,25.0645,模拟
2025-03,MOCK-TA-029,模拟哈萨授权车商02,二级展厅,丰田,99,31,22.3548,模拟
2025-03,MOCK-TA-030,模拟布赖代授权车商01,二级展厅,丰田,123,31,27.7742,模拟
2025-03,MOCK-TA-030,模拟布赖代授权车商01,二级展厅,雷克萨斯,20,31,4.5161,模拟
2025-03,MOCK-TA-031,模拟布赖代授权车商02,二级展厅,丰田,127,31,28.6774,模拟
2025-03,MOCK-TA-032,模拟布赖代授权车商03,二级展厅,丰田,108,31,24.3871,模拟
2025-03,MOCK-TA-033,模拟欧奈宰授权车商01,二级展厅,丰田,86,31,19.4194,模拟
2025-03,MOCK-TA-034,模拟哈伊勒授权车商01,二级展厅,丰田,107,31,24.1613,模拟
2025-03,MOCK-TA-035,模拟哈伊勒授权车商02,二级展厅,丰田,76,31,17.1613,模拟
2025-03,MOCK-TA-036,模拟塔布克授权车商01,二级展厅,丰田,85,31,19.1935,模拟
2025-03,MOCK-TA-037,模拟塔布克授权车商02,二级展厅,丰田,79,31,17.8387,模拟
2025-03,MOCK-TA-038,模拟艾卜哈授权车商01,二级展厅,丰田,101,31,22.8065,模拟
2025-03,MOCK-TA-038,模拟艾卜哈授权车商01,二级展厅,雷克萨斯,14,31,3.1613,模拟
2025-03,MOCK-TA-039,模拟艾卜哈授权车商02,二级展厅,丰田,98,31,22.129,模拟
2025-03,MOCK-TA-040,模拟海米斯穆谢特授权车商01,二级展厅,丰田,111,31,25.0645,模拟
2025-03,MOCK-TA-041,模拟吉赞授权车商01,二级展厅,丰田,112,31,25.2903,模拟
2025-03,MOCK-TA-042,模拟吉赞授权车商02,二级展厅,丰田,122,31,27.5484,模拟
2025-03,MOCK-TA-043,模拟奈季兰授权车商01,二级展厅,丰田,89,31,20.0968,模拟
2025-03,MOCK-TA-044,模拟延布授权车商01,二级展厅,丰田,108,31,24.3871,模拟
2025-03,MOCK-TA-045,模拟朱拜勒授权车商01,二级展厅,丰田,104,31,23.4839,模拟
2025-04,MOCK-TD-001,模拟ALJ直营零售主体,直营,丰田,12568,30,2932.5333,模拟
2025-04,MOCK-TD-001,模拟ALJ直营零售主体,直营,雷克萨斯,1249,30,291.4333,模拟
2025-04,MOCK-TA-001,模拟利雅得授权车商01,二级展厅,丰田,153,30,35.7,模拟
2025-04,MOCK-TA-001,模拟利雅得授权车商01,二级展厅,雷克萨斯,22,30,5.1333,模拟
2025-04,MOCK-TA-002,模拟利雅得授权车商02,二级展厅,丰田,121,30,28.2333,模拟
2025-04,MOCK-TA-003,模拟利雅得授权车商03,二级展厅,丰田,141,30,32.9,模拟
2025-04,MOCK-TA-004,模拟利雅得授权车商04,二级展厅,丰田,173,30,40.3667,模拟
2025-04,MOCK-TA-005,模拟利雅得授权车商05,二级展厅,丰田,130,30,30.3333,模拟
2025-04,MOCK-TA-006,模拟利雅得授权车商06,二级展厅,丰田,176,30,41.0667,模拟
2025-04,MOCK-TA-007,模拟利雅得授权车商07,二级展厅,丰田,113,30,26.3667,模拟
2025-04,MOCK-TA-008,模拟利雅得授权车商08,二级展厅,丰田,129,30,30.1,模拟
2025-04,MOCK-TA-009,模拟吉达授权车商01,二级展厅,丰田,123,30,28.7,模拟
2025-04,MOCK-TA-009,模拟吉达授权车商01,二级展厅,雷克萨斯,18,30,4.2,模拟
2025-04,MOCK-TA-010,模拟吉达授权车商02,二级展厅,丰田,185,30,43.1667,模拟
2025-04,MOCK-TA-011,模拟吉达授权车商03,二级展厅,丰田,141,30,32.9,模拟
2025-04,MOCK-TA-012,模拟吉达授权车商04,二级展厅,丰田,156,30,36.4,模拟
2025-04,MOCK-TA-013,模拟吉达授权车商05,二级展厅,丰田,157,30,36.6333,模拟
2025-04,MOCK-TA-014,模拟吉达授权车商06,二级展厅,丰田,127,30,29.6333,模拟
2025-04,MOCK-TA-015,模拟达曼授权车商01,二级展厅,丰田,106,30,24.7333,模拟
2025-04,MOCK-TA-015,模拟达曼授权车商01,二级展厅,雷克萨斯,17,30,3.9667,模拟
2025-04,MOCK-TA-016,模拟达曼授权车商02,二级展厅,丰田,123,30,28.7,模拟
2025-04,MOCK-TA-017,模拟达曼授权车商03,二级展厅,丰田,126,30,29.4,模拟
2025-04,MOCK-TA-018,模拟达曼授权车商04,二级展厅,丰田,151,30,35.2333,模拟
2025-04,MOCK-TA-019,模拟胡拜尔授权车商01,二级展厅,丰田,133,30,31.0333,模拟
2025-04,MOCK-TA-019,模拟胡拜尔授权车商01,二级展厅,雷克萨斯,20,30,4.6667,模拟
2025-04,MOCK-TA-020,模拟胡拜尔授权车商02,二级展厅,丰田,132,30,30.8,模拟
2025-04,MOCK-TA-021,模拟麦加授权车商01,二级展厅,丰田,121,30,28.2333,模拟
2025-04,MOCK-TA-021,模拟麦加授权车商01,二级展厅,雷克萨斯,16,30,3.7333,模拟
2025-04,MOCK-TA-022,模拟麦加授权车商02,二级展厅,丰田,139,30,32.4333,模拟
2025-04,MOCK-TA-023,模拟麦加授权车商03,二级展厅,丰田,109,30,25.4333,模拟
2025-04,MOCK-TA-024,模拟麦地那授权车商01,二级展厅,丰田,105,30,24.5,模拟
2025-04,MOCK-TA-024,模拟麦地那授权车商01,二级展厅,雷克萨斯,16,30,3.7333,模拟
2025-04,MOCK-TA-025,模拟麦地那授权车商02,二级展厅,丰田,137,30,31.9667,模拟
2025-04,MOCK-TA-026,模拟塔伊夫授权车商01,二级展厅,丰田,86,30,20.0667,模拟
2025-04,MOCK-TA-027,模拟塔伊夫授权车商02,二级展厅,丰田,97,30,22.6333,模拟
2025-04,MOCK-TA-028,模拟哈萨授权车商01,二级展厅,丰田,97,30,22.6333,模拟
2025-04,MOCK-TA-029,模拟哈萨授权车商02,二级展厅,丰田,97,30,22.6333,模拟
2025-04,MOCK-TA-030,模拟布赖代授权车商01,二级展厅,丰田,136,30,31.7333,模拟
2025-04,MOCK-TA-030,模拟布赖代授权车商01,二级展厅,雷克萨斯,18,30,4.2,模拟
2025-04,MOCK-TA-031,模拟布赖代授权车商02,二级展厅,丰田,112,30,26.1333,模拟
2025-04,MOCK-TA-032,模拟布赖代授权车商03,二级展厅,丰田,122,30,28.4667,模拟
2025-04,MOCK-TA-033,模拟欧奈宰授权车商01,二级展厅,丰田,82,30,19.1333,模拟
2025-04,MOCK-TA-034,模拟哈伊勒授权车商01,二级展厅,丰田,93,30,21.7,模拟
2025-04,MOCK-TA-035,模拟哈伊勒授权车商02,二级展厅,丰田,80,30,18.6667,模拟
2025-04,MOCK-TA-036,模拟塔布克授权车商01,二级展厅,丰田,81,30,18.9,模拟
2025-04,MOCK-TA-037,模拟塔布克授权车商02,二级展厅,丰田,86,30,20.0667,模拟
2025-04,MOCK-TA-038,模拟艾卜哈授权车商01,二级展厅,丰田,101,30,23.5667,模拟
2025-04,MOCK-TA-038,模拟艾卜哈授权车商01,二级展厅,雷克萨斯,12,30,2.8,模拟
2025-04,MOCK-TA-039,模拟艾卜哈授权车商02,二级展厅,丰田,105,30,24.5,模拟
2025-04,MOCK-TA-040,模拟海米斯穆谢特授权车商01,二级展厅,丰田,103,30,24.0333,模拟
2025-04,MOCK-TA-041,模拟吉赞授权车商01,二级展厅,丰田,113,30,26.3667,模拟
2025-04,MOCK-TA-042,模拟吉赞授权车商02,二级展厅,丰田,102,30,23.8,模拟
2025-04,MOCK-TA-043,模拟奈季兰授权车商01,二级展厅,丰田,80,30,18.6667,模拟
2025-04,MOCK-TA-044,模拟延布授权车商01,二级展厅,丰田,104,30,24.2667,模拟
2025-04,MOCK-TA-045,模拟朱拜勒授权车商01,二级展厅,丰田,102,30,23.8,模拟
2025-05,MOCK-TD-001,模拟ALJ直营零售主体,直营,丰田,13676,31,3088.129,模拟
2025-05,MOCK-TD-001,模拟ALJ直营零售主体,直营,雷克萨斯,1249,31,282.0323,模拟
2025-05,MOCK-TA-001,模拟利雅得授权车商01,二级展厅,丰田,151,31,34.0968,模拟
2025-05,MOCK-TA-001,模拟利雅得授权车商01,二级展厅,雷克萨斯,22,31,4.9677,模拟
2025-05,MOCK-TA-002,模拟利雅得授权车商02,二级展厅,丰田,152,31,34.3226,模拟
2025-05,MOCK-TA-003,模拟利雅得授权车商03,二级展厅,丰田,152,31,34.3226,模拟
2025-05,MOCK-TA-004,模拟利雅得授权车商04,二级展厅,丰田,192,31,43.3548,模拟
2025-05,MOCK-TA-005,模拟利雅得授权车商05,二级展厅,丰田,131,31,29.5806,模拟
2025-05,MOCK-TA-006,模拟利雅得授权车商06,二级展厅,丰田,169,31,38.1613,模拟
2025-05,MOCK-TA-007,模拟利雅得授权车商07,二级展厅,丰田,125,31,28.2258,模拟
2025-05,MOCK-TA-008,模拟利雅得授权车商08,二级展厅,丰田,142,31,32.0645,模拟
2025-05,MOCK-TA-009,模拟吉达授权车商01,二级展厅,丰田,135,31,30.4839,模拟
2025-05,MOCK-TA-009,模拟吉达授权车商01,二级展厅,雷克萨斯,18,31,4.0645,模拟
2025-05,MOCK-TA-010,模拟吉达授权车商02,二级展厅,丰田,194,31,43.8065,模拟
2025-05,MOCK-TA-011,模拟吉达授权车商03,二级展厅,丰田,146,31,32.9677,模拟
2025-05,MOCK-TA-012,模拟吉达授权车商04,二级展厅,丰田,170,31,38.3871,模拟
2025-05,MOCK-TA-013,模拟吉达授权车商05,二级展厅,丰田,167,31,37.7097,模拟
2025-05,MOCK-TA-014,模拟吉达授权车商06,二级展厅,丰田,159,31,35.9032,模拟
2025-05,MOCK-TA-015,模拟达曼授权车商01,二级展厅,丰田,125,31,28.2258,模拟
2025-05,MOCK-TA-015,模拟达曼授权车商01,二级展厅,雷克萨斯,16,31,3.6129,模拟
2025-05,MOCK-TA-016,模拟达曼授权车商02,二级展厅,丰田,116,31,26.1935,模拟
2025-05,MOCK-TA-017,模拟达曼授权车商03,二级展厅,丰田,146,31,32.9677,模拟
2025-05,MOCK-TA-018,模拟达曼授权车商04,二级展厅,丰田,151,31,34.0968,模拟
2025-05,MOCK-TA-019,模拟胡拜尔授权车商01,二级展厅,丰田,139,31,31.3871,模拟
2025-05,MOCK-TA-019,模拟胡拜尔授权车商01,二级展厅,雷克萨斯,18,31,4.0645,模拟
2025-05,MOCK-TA-020,模拟胡拜尔授权车商02,二级展厅,丰田,145,31,32.7419,模拟
2025-05,MOCK-TA-021,模拟麦加授权车商01,二级展厅,丰田,117,31,26.4194,模拟
2025-05,MOCK-TA-021,模拟麦加授权车商01,二级展厅,雷克萨斯,17,31,3.8387,模拟
2025-05,MOCK-TA-022,模拟麦加授权车商02,二级展厅,丰田,138,31,31.1613,模拟
2025-05,MOCK-TA-023,模拟麦加授权车商03,二级展厅,丰田,127,31,28.6774,模拟
2025-05,MOCK-TA-024,模拟麦地那授权车商01,二级展厅,丰田,104,31,23.4839,模拟
2025-05,MOCK-TA-024,模拟麦地那授权车商01,二级展厅,雷克萨斯,15,31,3.3871,模拟
2025-05,MOCK-TA-025,模拟麦地那授权车商02,二级展厅,丰田,121,31,27.3226,模拟
2025-05,MOCK-TA-026,模拟塔伊夫授权车商01,二级展厅,丰田,99,31,22.3548,模拟
2025-05,MOCK-TA-027,模拟塔伊夫授权车商02,二级展厅,丰田,117,31,26.4194,模拟
2025-05,MOCK-TA-028,模拟哈萨授权车商01,二级展厅,丰田,128,31,28.9032,模拟
2025-05,MOCK-TA-029,模拟哈萨授权车商02,二级展厅,丰田,107,31,24.1613,模拟
2025-05,MOCK-TA-030,模拟布赖代授权车商01,二级展厅,丰田,140,31,31.6129,模拟
2025-05,MOCK-TA-030,模拟布赖代授权车商01,二级展厅,雷克萨斯,18,31,4.0645,模拟
2025-05,MOCK-TA-031,模拟布赖代授权车商02,二级展厅,丰田,111,31,25.0645,模拟
2025-05,MOCK-TA-032,模拟布赖代授权车商03,二级展厅,丰田,134,31,30.2581,模拟
2025-05,MOCK-TA-033,模拟欧奈宰授权车商01,二级展厅,丰田,101,31,22.8065,模拟
2025-05,MOCK-TA-034,模拟哈伊勒授权车商01,二级展厅,丰田,103,31,23.2581,模拟
2025-05,MOCK-TA-035,模拟哈伊勒授权车商02,二级展厅,丰田,90,31,20.3226,模拟
2025-05,MOCK-TA-036,模拟塔布克授权车商01,二级展厅,丰田,91,31,20.5484,模拟
2025-05,MOCK-TA-037,模拟塔布克授权车商02,二级展厅,丰田,101,31,22.8065,模拟
2025-05,MOCK-TA-038,模拟艾卜哈授权车商01,二级展厅,丰田,121,31,27.3226,模拟
2025-05,MOCK-TA-038,模拟艾卜哈授权车商01,二级展厅,雷克萨斯,15,31,3.3871,模拟
2025-05,MOCK-TA-039,模拟艾卜哈授权车商02,二级展厅,丰田,126,31,28.4516,模拟
2025-05,MOCK-TA-040,模拟海米斯穆谢特授权车商01,二级展厅,丰田,105,31,23.7097,模拟
2025-05,MOCK-TA-041,模拟吉赞授权车商01,二级展厅,丰田,140,31,31.6129,模拟
2025-05,MOCK-TA-042,模拟吉赞授权车商02,二级展厅,丰田,111,31,25.0645,模拟
2025-05,MOCK-TA-043,模拟奈季兰授权车商01,二级展厅,丰田,94,31,21.2258,模拟
2025-05,MOCK-TA-044,模拟延布授权车商01,二级展厅,丰田,128,31,28.9032,模拟
2025-05,MOCK-TA-045,模拟朱拜勒授权车商01,二级展厅,丰田,100,31,22.5806,模拟
2025-06,MOCK-TD-001,模拟ALJ直营零售主体,直营,丰田,10849,30,2531.4333,模拟
2025-06,MOCK-TD-001,模拟ALJ直营零售主体,直营,雷克萨斯,1249,30,291.4333,模拟
2025-06,MOCK-TA-001,模拟利雅得授权车商01,二级展厅,丰田,113,30,26.3667,模拟
2025-06,MOCK-TA-001,模拟利雅得授权车商01,二级展厅,雷克萨斯,22,30,5.1333,模拟
2025-06,MOCK-TA-002,模拟利雅得授权车商02,二级展厅,丰田,114,30,26.6,模拟
2025-06,MOCK-TA-003,模拟利雅得授权车商03,二级展厅,丰田,104,30,24.2667,模拟
2025-06,MOCK-TA-004,模拟利雅得授权车商04,二级展厅,丰田,166,30,38.7333,模拟
2025-06,MOCK-TA-005,模拟利雅得授权车商05,二级展厅,丰田,100,30,23.3333,模拟
2025-06,MOCK-TA-006,模拟利雅得授权车商06,二级展厅,丰田,145,30,33.8333,模拟
2025-06,MOCK-TA-007,模拟利雅得授权车商07,二级展厅,丰田,107,30,24.9667,模拟
2025-06,MOCK-TA-008,模拟利雅得授权车商08,二级展厅,丰田,125,30,29.1667,模拟
2025-06,MOCK-TA-009,模拟吉达授权车商01,二级展厅,丰田,122,30,28.4667,模拟
2025-06,MOCK-TA-009,模拟吉达授权车商01,二级展厅,雷克萨斯,21,30,4.9,模拟
2025-06,MOCK-TA-010,模拟吉达授权车商02,二级展厅,丰田,151,30,35.2333,模拟
2025-06,MOCK-TA-011,模拟吉达授权车商03,二级展厅,丰田,98,30,22.8667,模拟
2025-06,MOCK-TA-012,模拟吉达授权车商04,二级展厅,丰田,120,30,28,模拟
2025-06,MOCK-TA-013,模拟吉达授权车商05,二级展厅,丰田,126,30,29.4,模拟
2025-06,MOCK-TA-014,模拟吉达授权车商06,二级展厅,丰田,108,30,25.2,模拟
2025-06,MOCK-TA-015,模拟达曼授权车商01,二级展厅,丰田,97,30,22.6333,模拟
2025-06,MOCK-TA-015,模拟达曼授权车商01,二级展厅,雷克萨斯,16,30,3.7333,模拟
2025-06,MOCK-TA-016,模拟达曼授权车商02,二级展厅,丰田,90,30,21,模拟
2025-06,MOCK-TA-017,模拟达曼授权车商03,二级展厅,丰田,129,30,30.1,模拟
2025-06,MOCK-TA-018,模拟达曼授权车商04,二级展厅,丰田,127,30,29.6333,模拟
2025-06,MOCK-TA-019,模拟胡拜尔授权车商01,二级展厅,丰田,112,30,26.1333,模拟
2025-06,MOCK-TA-019,模拟胡拜尔授权车商01,二级展厅,雷克萨斯,17,30,3.9667,模拟
2025-06,MOCK-TA-020,模拟胡拜尔授权车商02,二级展厅,丰田,128,30,29.8667,模拟
2025-06,MOCK-TA-021,模拟麦加授权车商01,二级展厅,丰田,97,30,22.6333,模拟
2025-06,MOCK-TA-021,模拟麦加授权车商01,二级展厅,雷克萨斯,16,30,3.7333,模拟
2025-06,MOCK-TA-022,模拟麦加授权车商02,二级展厅,丰田,116,30,27.0667,模拟
2025-06,MOCK-TA-023,模拟麦加授权车商03,二级展厅,丰田,95,30,22.1667,模拟
2025-06,MOCK-TA-024,模拟麦地那授权车商01,二级展厅,丰田,84,30,19.6,模拟
2025-06,MOCK-TA-024,模拟麦地那授权车商01,二级展厅,雷克萨斯,16,30,3.7333,模拟
2025-06,MOCK-TA-025,模拟麦地那授权车商02,二级展厅,丰田,104,30,24.2667,模拟
2025-06,MOCK-TA-026,模拟塔伊夫授权车商01,二级展厅,丰田,81,30,18.9,模拟
2025-06,MOCK-TA-027,模拟塔伊夫授权车商02,二级展厅,丰田,93,30,21.7,模拟
2025-06,MOCK-TA-028,模拟哈萨授权车商01,二级展厅,丰田,93,30,21.7,模拟
2025-06,MOCK-TA-029,模拟哈萨授权车商02,二级展厅,丰田,86,30,20.0667,模拟
2025-06,MOCK-TA-030,模拟布赖代授权车商01,二级展厅,丰田,104,30,24.2667,模拟
2025-06,MOCK-TA-030,模拟布赖代授权车商01,二级展厅,雷克萨斯,17,30,3.9667,模拟
2025-06,MOCK-TA-031,模拟布赖代授权车商02,二级展厅,丰田,105,30,24.5,模拟
2025-06,MOCK-TA-032,模拟布赖代授权车商03,二级展厅,丰田,102,30,23.8,模拟
2025-06,MOCK-TA-033,模拟欧奈宰授权车商01,二级展厅,丰田,69,30,16.1,模拟
2025-06,MOCK-TA-034,模拟哈伊勒授权车商01,二级展厅,丰田,98,30,22.8667,模拟
2025-06,MOCK-TA-035,模拟哈伊勒授权车商02,二级展厅,丰田,69,30,16.1,模拟
2025-06,MOCK-TA-036,模拟塔布克授权车商01,二级展厅,丰田,78,30,18.2,模拟
2025-06,MOCK-TA-037,模拟塔布克授权车商02,二级展厅,丰田,79,30,18.4333,模拟
2025-06,MOCK-TA-038,模拟艾卜哈授权车商01,二级展厅,丰田,82,30,19.1333,模拟
2025-06,MOCK-TA-038,模拟艾卜哈授权车商01,二级展厅,雷克萨斯,14,30,3.2667,模拟
2025-06,MOCK-TA-039,模拟艾卜哈授权车商02,二级展厅,丰田,86,30,20.0667,模拟
2025-06,MOCK-TA-040,模拟海米斯穆谢特授权车商01,二级展厅,丰田,96,30,22.4,模拟
2025-06,MOCK-TA-041,模拟吉赞授权车商01,二级展厅,丰田,92,30,21.4667,模拟
2025-06,MOCK-TA-042,模拟吉赞授权车商02,二级展厅,丰田,99,30,23.1,模拟
2025-06,MOCK-TA-043,模拟奈季兰授权车商01,二级展厅,丰田,83,30,19.3667,模拟
2025-06,MOCK-TA-044,模拟延布授权车商01,二级展厅,丰田,85,30,19.8333,模拟
2025-06,MOCK-TA-045,模拟朱拜勒授权车商01,二级展厅,丰田,92,30,21.4667,模拟
2025-07,MOCK-TD-001,模拟ALJ直营零售主体,直营,丰田,14158,31,3196.9677,模拟
2025-07,MOCK-TD-001,模拟ALJ直营零售主体,直营,雷克萨斯,1249,31,282.0323,模拟
2025-07,MOCK-TA-001,模拟利雅得授权车商01,二级展厅,丰田,161,31,36.3548,模拟
2025-07,MOCK-TA-001,模拟利雅得授权车商01,二级展厅,雷克萨斯,21,31,4.7419,模拟
2025-07,MOCK-TA-002,模拟利雅得授权车商02,二级展厅,丰田,138,31,31.1613,模拟
2025-07,MOCK-TA-003,模拟利雅得授权车商03,二级展厅,丰田,141,31,31.8387,模拟
2025-07,MOCK-TA-004,模拟利雅得授权车商04,二级展厅,丰田,215,31,48.5484,模拟
2025-07,MOCK-TA-005,模拟利雅得授权车商05,二级展厅,丰田,150,31,33.871,模拟
2025-07,MOCK-TA-006,模拟利雅得授权车商06,二级展厅,丰田,183,31,41.3226,模拟
2025-07,MOCK-TA-007,模拟利雅得授权车商07,二级展厅,丰田,130,31,29.3548,模拟
2025-07,MOCK-TA-008,模拟利雅得授权车商08,二级展厅,丰田,152,31,34.3226,模拟
2025-07,MOCK-TA-009,模拟吉达授权车商01,二级展厅,丰田,141,31,31.8387,模拟
2025-07,MOCK-TA-009,模拟吉达授权车商01,二级展厅,雷克萨斯,18,31,4.0645,模拟
2025-07,MOCK-TA-010,模拟吉达授权车商02,二级展厅,丰田,221,31,49.9032,模拟
2025-07,MOCK-TA-011,模拟吉达授权车商03,二级展厅,丰田,131,31,29.5806,模拟
2025-07,MOCK-TA-012,模拟吉达授权车商04,二级展厅,丰田,190,31,42.9032,模拟
2025-07,MOCK-TA-013,模拟吉达授权车商05,二级展厅,丰田,154,31,34.7742,模拟
2025-07,MOCK-TA-014,模拟吉达授权车商06,二级展厅,丰田,141,31,31.8387,模拟
2025-07,MOCK-TA-015,模拟达曼授权车商01,二级展厅,丰田,136,31,30.7097,模拟
2025-07,MOCK-TA-015,模拟达曼授权车商01,二级展厅,雷克萨斯,18,31,4.0645,模拟
2025-07,MOCK-TA-016,模拟达曼授权车商02,二级展厅,丰田,118,31,26.6452,模拟
2025-07,MOCK-TA-017,模拟达曼授权车商03,二级展厅,丰田,136,31,30.7097,模拟
2025-07,MOCK-TA-018,模拟达曼授权车商04,二级展厅,丰田,148,31,33.4194,模拟
2025-07,MOCK-TA-019,模拟胡拜尔授权车商01,二级展厅,丰田,132,31,29.8065,模拟
2025-07,MOCK-TA-019,模拟胡拜尔授权车商01,二级展厅,雷克萨斯,16,31,3.6129,模拟
2025-07,MOCK-TA-020,模拟胡拜尔授权车商02,二级展厅,丰田,145,31,32.7419,模拟
2025-07,MOCK-TA-021,模拟麦加授权车商01,二级展厅,丰田,137,31,30.9355,模拟
2025-07,MOCK-TA-021,模拟麦加授权车商01,二级展厅,雷克萨斯,17,31,3.8387,模拟
2025-07,MOCK-TA-022,模拟麦加授权车商02,二级展厅,丰田,151,31,34.0968,模拟
2025-07,MOCK-TA-023,模拟麦加授权车商03,二级展厅,丰田,124,31,28,模拟
2025-07,MOCK-TA-024,模拟麦地那授权车商01,二级展厅,丰田,130,31,29.3548,模拟
2025-07,MOCK-TA-024,模拟麦地那授权车商01,二级展厅,雷克萨斯,14,31,3.1613,模拟
2025-07,MOCK-TA-025,模拟麦地那授权车商02,二级展厅,丰田,139,31,31.3871,模拟
2025-07,MOCK-TA-026,模拟塔伊夫授权车商01,二级展厅,丰田,101,31,22.8065,模拟
2025-07,MOCK-TA-027,模拟塔伊夫授权车商02,二级展厅,丰田,116,31,26.1935,模拟
2025-07,MOCK-TA-028,模拟哈萨授权车商01,二级展厅,丰田,127,31,28.6774,模拟
2025-07,MOCK-TA-029,模拟哈萨授权车商02,二级展厅,丰田,123,31,27.7742,模拟
2025-07,MOCK-TA-030,模拟布赖代授权车商01,二级展厅,丰田,130,31,29.3548,模拟
2025-07,MOCK-TA-030,模拟布赖代授权车商01,二级展厅,雷克萨斯,21,31,4.7419,模拟
2025-07,MOCK-TA-031,模拟布赖代授权车商02,二级展厅,丰田,117,31,26.4194,模拟
2025-07,MOCK-TA-032,模拟布赖代授权车商03,二级展厅,丰田,133,31,30.0323,模拟
2025-07,MOCK-TA-033,模拟欧奈宰授权车商01,二级展厅,丰田,102,31,23.0323,模拟
2025-07,MOCK-TA-034,模拟哈伊勒授权车商01,二级展厅,丰田,124,31,28,模拟
2025-07,MOCK-TA-035,模拟哈伊勒授权车商02,二级展厅,丰田,102,31,23.0323,模拟
2025-07,MOCK-TA-036,模拟塔布克授权车商01,二级展厅,丰田,97,31,21.9032,模拟
2025-07,MOCK-TA-037,模拟塔布克授权车商02,二级展厅,丰田,95,31,21.4516,模拟
2025-07,MOCK-TA-038,模拟艾卜哈授权车商01,二级展厅,丰田,102,31,23.0323,模拟
2025-07,MOCK-TA-038,模拟艾卜哈授权车商01,二级展厅,雷克萨斯,14,31,3.1613,模拟
2025-07,MOCK-TA-039,模拟艾卜哈授权车商02,二级展厅,丰田,136,31,30.7097,模拟
2025-07,MOCK-TA-040,模拟海米斯穆谢特授权车商01,二级展厅,丰田,110,31,24.8387,模拟
2025-07,MOCK-TA-041,模拟吉赞授权车商01,二级展厅,丰田,144,31,32.5161,模拟
2025-07,MOCK-TA-042,模拟吉赞授权车商02,二级展厅,丰田,125,31,28.2258,模拟
2025-07,MOCK-TA-043,模拟奈季兰授权车商01,二级展厅,丰田,98,31,22.129,模拟
2025-07,MOCK-TA-044,模拟延布授权车商01,二级展厅,丰田,133,31,30.0323,模拟
2025-07,MOCK-TA-045,模拟朱拜勒授权车商01,二级展厅,丰田,109,31,24.6129,模拟
2025-08,MOCK-TD-001,模拟ALJ直营零售主体,直营,丰田,15311,31,3457.3226,模拟
2025-08,MOCK-TD-001,模拟ALJ直营零售主体,直营,雷克萨斯,1249,31,282.0323,模拟
2025-08,MOCK-TA-001,模拟利雅得授权车商01,二级展厅,丰田,152,31,34.3226,模拟
2025-08,MOCK-TA-001,模拟利雅得授权车商01,二级展厅,雷克萨斯,20,31,4.5161,模拟
2025-08,MOCK-TA-002,模拟利雅得授权车商02,二级展厅,丰田,173,31,39.0645,模拟
2025-08,MOCK-TA-003,模拟利雅得授权车商03,二级展厅,丰田,156,31,35.2258,模拟
2025-08,MOCK-TA-004,模拟利雅得授权车商04,二级展厅,丰田,219,31,49.4516,模拟
2025-08,MOCK-TA-005,模拟利雅得授权车商05,二级展厅,丰田,141,31,31.8387,模拟
2025-08,MOCK-TA-006,模拟利雅得授权车商06,二级展厅,丰田,209,31,47.1935,模拟
2025-08,MOCK-TA-007,模拟利雅得授权车商07,二级展厅,丰田,145,31,32.7419,模拟
2025-08,MOCK-TA-008,模拟利雅得授权车商08,二级展厅,丰田,152,31,34.3226,模拟
2025-08,MOCK-TA-009,模拟吉达授权车商01,二级展厅,丰田,166,31,37.4839,模拟
2025-08,MOCK-TA-009,模拟吉达授权车商01,二级展厅,雷克萨斯,20,31,4.5161,模拟
2025-08,MOCK-TA-010,模拟吉达授权车商02,二级展厅,丰田,248,31,56,模拟
2025-08,MOCK-TA-011,模拟吉达授权车商03,二级展厅,丰田,141,31,31.8387,模拟
2025-08,MOCK-TA-012,模拟吉达授权车商04,二级展厅,丰田,193,31,43.5806,模拟
2025-08,MOCK-TA-013,模拟吉达授权车商05,二级展厅,丰田,197,31,44.4839,模拟
2025-08,MOCK-TA-014,模拟吉达授权车商06,二级展厅,丰田,146,31,32.9677,模拟
2025-08,MOCK-TA-015,模拟达曼授权车商01,二级展厅,丰田,132,31,29.8065,模拟
2025-08,MOCK-TA-015,模拟达曼授权车商01,二级展厅,雷克萨斯,15,31,3.3871,模拟
2025-08,MOCK-TA-016,模拟达曼授权车商02,二级展厅,丰田,141,31,31.8387,模拟
2025-08,MOCK-TA-017,模拟达曼授权车商03,二级展厅,丰田,160,31,36.129,模拟
2025-08,MOCK-TA-018,模拟达曼授权车商04,二级展厅,丰田,149,31,33.6452,模拟
2025-08,MOCK-TA-019,模拟胡拜尔授权车商01,二级展厅,丰田,157,31,35.4516,模拟
2025-08,MOCK-TA-019,模拟胡拜尔授权车商01,二级展厅,雷克萨斯,17,31,3.8387,模拟
2025-08,MOCK-TA-020,模拟胡拜尔授权车商02,二级展厅,丰田,177,31,39.9677,模拟
2025-08,MOCK-TA-021,模拟麦加授权车商01,二级展厅,丰田,134,31,30.2581,模拟
2025-08,MOCK-TA-021,模拟麦加授权车商01,二级展厅,雷克萨斯,17,31,3.8387,模拟
2025-08,MOCK-TA-022,模拟麦加授权车商02,二级展厅,丰田,151,31,34.0968,模拟
2025-08,MOCK-TA-023,模拟麦加授权车商03,二级展厅,丰田,148,31,33.4194,模拟
2025-08,MOCK-TA-024,模拟麦地那授权车商01,二级展厅,丰田,119,31,26.871,模拟
2025-08,MOCK-TA-024,模拟麦地那授权车商01,二级展厅,雷克萨斯,17,31,3.8387,模拟
2025-08,MOCK-TA-025,模拟麦地那授权车商02,二级展厅,丰田,157,31,35.4516,模拟
2025-08,MOCK-TA-026,模拟塔伊夫授权车商01,二级展厅,丰田,121,31,27.3226,模拟
2025-08,MOCK-TA-027,模拟塔伊夫授权车商02,二级展厅,丰田,115,31,25.9677,模拟
2025-08,MOCK-TA-028,模拟哈萨授权车商01,二级展厅,丰田,138,31,31.1613,模拟
2025-08,MOCK-TA-029,模拟哈萨授权车商02,二级展厅,丰田,117,31,26.4194,模拟
2025-08,MOCK-TA-030,模拟布赖代授权车商01,二级展厅,丰田,173,31,39.0645,模拟
2025-08,MOCK-TA-030,模拟布赖代授权车商01,二级展厅,雷克萨斯,19,31,4.2903,模拟
2025-08,MOCK-TA-031,模拟布赖代授权车商02,二级展厅,丰田,148,31,33.4194,模拟
2025-08,MOCK-TA-032,模拟布赖代授权车商03,二级展厅,丰田,158,31,35.6774,模拟
2025-08,MOCK-TA-033,模拟欧奈宰授权车商01,二级展厅,丰田,112,31,25.2903,模拟
2025-08,MOCK-TA-034,模拟哈伊勒授权车商01,二级展厅,丰田,133,31,30.0323,模拟
2025-08,MOCK-TA-035,模拟哈伊勒授权车商02,二级展厅,丰田,96,31,21.6774,模拟
2025-08,MOCK-TA-036,模拟塔布克授权车商01,二级展厅,丰田,93,31,21,模拟
2025-08,MOCK-TA-037,模拟塔布克授权车商02,二级展厅,丰田,106,31,23.9355,模拟
2025-08,MOCK-TA-038,模拟艾卜哈授权车商01,二级展厅,丰田,112,31,25.2903,模拟
2025-08,MOCK-TA-038,模拟艾卜哈授权车商01,二级展厅,雷克萨斯,14,31,3.1613,模拟
2025-08,MOCK-TA-039,模拟艾卜哈授权车商02,二级展厅,丰田,135,31,30.4839,模拟
2025-08,MOCK-TA-040,模拟海米斯穆谢特授权车商01,二级展厅,丰田,112,31,25.2903,模拟
2025-08,MOCK-TA-041,模拟吉赞授权车商01,二级展厅,丰田,155,31,35,模拟
2025-08,MOCK-TA-042,模拟吉赞授权车商02,二级展厅,丰田,141,31,31.8387,模拟
2025-08,MOCK-TA-043,模拟奈季兰授权车商01,二级展厅,丰田,94,31,21.2258,模拟
2025-08,MOCK-TA-044,模拟延布授权车商01,二级展厅,丰田,117,31,26.4194,模拟
2025-08,MOCK-TA-045,模拟朱拜勒授权车商01,二级展厅,丰田,123,31,27.7742,模拟
2025-09,MOCK-TD-001,模拟ALJ直营零售主体,直营,丰田,15542,30,3626.4667,模拟
2025-09,MOCK-TD-001,模拟ALJ直营零售主体,直营,雷克萨斯,1249,30,291.4333,模拟
2025-09,MOCK-TA-001,模拟利雅得授权车商01,二级展厅,丰田,188,30,43.8667,模拟
2025-09,MOCK-TA-001,模拟利雅得授权车商01,二级展厅,雷克萨斯,19,30,4.4333,模拟
2025-09,MOCK-TA-002,模拟利雅得授权车商02,二级展厅,丰田,167,30,38.9667,模拟
2025-09,MOCK-TA-003,模拟利雅得授权车商03,二级展厅,丰田,156,30,36.4,模拟
2025-09,MOCK-TA-004,模拟利雅得授权车商04,二级展厅,丰田,211,30,49.2333,模拟
2025-09,MOCK-TA-005,模拟利雅得授权车商05,二级展厅,丰田,165,30,38.5,模拟
2025-09,MOCK-TA-006,模拟利雅得授权车商06,二级展厅,丰田,184,30,42.9333,模拟
2025-09,MOCK-TA-007,模拟利雅得授权车商07,二级展厅,丰田,144,30,33.6,模拟
2025-09,MOCK-TA-008,模拟利雅得授权车商08,二级展厅,丰田,150,30,35,模拟
2025-09,MOCK-TA-009,模拟吉达授权车商01,二级展厅,丰田,186,30,43.4,模拟
2025-09,MOCK-TA-009,模拟吉达授权车商01,二级展厅,雷克萨斯,20,30,4.6667,模拟
2025-09,MOCK-TA-010,模拟吉达授权车商02,二级展厅,丰田,215,30,50.1667,模拟
2025-09,MOCK-TA-011,模拟吉达授权车商03,二级展厅,丰田,146,30,34.0667,模拟
2025-09,MOCK-TA-012,模拟吉达授权车商04,二级展厅,丰田,173,30,40.3667,模拟
2025-09,MOCK-TA-013,模拟吉达授权车商05,二级展厅,丰田,207,30,48.3,模拟
2025-09,MOCK-TA-014,模拟吉达授权车商06,二级展厅,丰田,176,30,41.0667,模拟
2025-09,MOCK-TA-015,模拟达曼授权车商01,二级展厅,丰田,151,30,35.2333,模拟
2025-09,MOCK-TA-015,模拟达曼授权车商01,二级展厅,雷克萨斯,16,30,3.7333,模拟
2025-09,MOCK-TA-016,模拟达曼授权车商02,二级展厅,丰田,146,30,34.0667,模拟
2025-09,MOCK-TA-017,模拟达曼授权车商03,二级展厅,丰田,155,30,36.1667,模拟
2025-09,MOCK-TA-018,模拟达曼授权车商04,二级展厅,丰田,168,30,39.2,模拟
2025-09,MOCK-TA-019,模拟胡拜尔授权车商01,二级展厅,丰田,148,30,34.5333,模拟
2025-09,MOCK-TA-019,模拟胡拜尔授权车商01,二级展厅,雷克萨斯,17,30,3.9667,模拟
2025-09,MOCK-TA-020,模拟胡拜尔授权车商02,二级展厅,丰田,192,30,44.8,模拟
2025-09,MOCK-TA-021,模拟麦加授权车商01,二级展厅,丰田,156,30,36.4,模拟
2025-09,MOCK-TA-021,模拟麦加授权车商01,二级展厅,雷克萨斯,19,30,4.4333,模拟
2025-09,MOCK-TA-022,模拟麦加授权车商02,二级展厅,丰田,139,30,32.4333,模拟
2025-09,MOCK-TA-023,模拟麦加授权车商03,二级展厅,丰田,157,30,36.6333,模拟
2025-09,MOCK-TA-024,模拟麦地那授权车商01,二级展厅,丰田,139,30,32.4333,模拟
2025-09,MOCK-TA-024,模拟麦地那授权车商01,二级展厅,雷克萨斯,15,30,3.5,模拟
2025-09,MOCK-TA-025,模拟麦地那授权车商02,二级展厅,丰田,149,30,34.7667,模拟
2025-09,MOCK-TA-026,模拟塔伊夫授权车商01,二级展厅,丰田,104,30,24.2667,模拟
2025-09,MOCK-TA-027,模拟塔伊夫授权车商02,二级展厅,丰田,124,30,28.9333,模拟
2025-09,MOCK-TA-028,模拟哈萨授权车商01,二级展厅,丰田,124,30,28.9333,模拟
2025-09,MOCK-TA-029,模拟哈萨授权车商02,二级展厅,丰田,139,30,32.4333,模拟
2025-09,MOCK-TA-030,模拟布赖代授权车商01,二级展厅,丰田,146,30,34.0667,模拟
2025-09,MOCK-TA-030,模拟布赖代授权车商01,二级展厅,雷克萨斯,20,30,4.6667,模拟
2025-09,MOCK-TA-031,模拟布赖代授权车商02,二级展厅,丰田,154,30,35.9333,模拟
2025-09,MOCK-TA-032,模拟布赖代授权车商03,二级展厅,丰田,165,30,38.5,模拟
2025-09,MOCK-TA-033,模拟欧奈宰授权车商01,二级展厅,丰田,102,30,23.8,模拟
2025-09,MOCK-TA-034,模拟哈伊勒授权车商01,二级展厅,丰田,116,30,27.0667,模拟
2025-09,MOCK-TA-035,模拟哈伊勒授权车商02,二级展厅,丰田,93,30,21.7,模拟
2025-09,MOCK-TA-036,模拟塔布克授权车商01,二级展厅,丰田,94,30,21.9333,模拟
2025-09,MOCK-TA-037,模拟塔布克授权车商02,二级展厅,丰田,100,30,23.3333,模拟
2025-09,MOCK-TA-038,模拟艾卜哈授权车商01,二级展厅,丰田,116,30,27.0667,模拟
2025-09,MOCK-TA-038,模拟艾卜哈授权车商01,二级展厅,雷克萨斯,13,30,3.0333,模拟
2025-09,MOCK-TA-039,模拟艾卜哈授权车商02,二级展厅,丰田,136,30,31.7333,模拟
2025-09,MOCK-TA-040,模拟海米斯穆谢特授权车商01,二级展厅,丰田,118,30,27.5333,模拟
2025-09,MOCK-TA-041,模拟吉赞授权车商01,二级展厅,丰田,166,30,38.7333,模拟
2025-09,MOCK-TA-042,模拟吉赞授权车商02,二级展厅,丰田,135,30,31.5,模拟
2025-09,MOCK-TA-043,模拟奈季兰授权车商01,二级展厅,丰田,99,30,23.1,模拟
2025-09,MOCK-TA-044,模拟延布授权车商01,二级展厅,丰田,146,30,34.0667,模拟
2025-09,MOCK-TA-045,模拟朱拜勒授权车商01,二级展厅,丰田,116,30,27.0667,模拟
2025-10,MOCK-TD-001,模拟ALJ直营零售主体,直营,丰田,16066,31,3627.8065,模拟
2025-10,MOCK-TD-001,模拟ALJ直营零售主体,直营,雷克萨斯,1249,31,282.0323,模拟
2025-10,MOCK-TA-001,模拟利雅得授权车商01,二级展厅,丰田,185,31,41.7742,模拟
2025-10,MOCK-TA-001,模拟利雅得授权车商01,二级展厅,雷克萨斯,20,31,4.5161,模拟
2025-10,MOCK-TA-002,模拟利雅得授权车商02,二级展厅,丰田,170,31,38.3871,模拟
2025-10,MOCK-TA-003,模拟利雅得授权车商03,二级展厅,丰田,159,31,35.9032,模拟
2025-10,MOCK-TA-004,模拟利雅得授权车商04,二级展厅,丰田,244,31,55.0968,模拟
2025-10,MOCK-TA-005,模拟利雅得授权车商05,二级展厅,丰田,155,31,35,模拟
2025-10,MOCK-TA-006,模拟利雅得授权车商06,二级展厅,丰田,190,31,42.9032,模拟
2025-10,MOCK-TA-007,模拟利雅得授权车商07,二级展厅,丰田,181,31,40.871,模拟
2025-10,MOCK-TA-008,模拟利雅得授权车商08,二级展厅,丰田,161,31,36.3548,模拟
2025-10,MOCK-TA-009,模拟吉达授权车商01,二级展厅,丰田,173,31,39.0645,模拟
2025-10,MOCK-TA-009,模拟吉达授权车商01,二级展厅,雷克萨斯,21,31,4.7419,模拟
2025-10,MOCK-TA-010,模拟吉达授权车商02,二级展厅,丰田,210,31,47.4194,模拟
2025-10,MOCK-TA-011,模拟吉达授权车商03,二级展厅,丰田,148,31,33.4194,模拟
2025-10,MOCK-TA-012,模拟吉达授权车商04,二级展厅,丰田,195,31,44.0323,模拟
2025-10,MOCK-TA-013,模拟吉达授权车商05,二级展厅,丰田,205,31,46.2903,模拟
2025-10,MOCK-TA-014,模拟吉达授权车商06,二级展厅,丰田,184,31,41.5484,模拟
2025-10,MOCK-TA-015,模拟达曼授权车商01,二级展厅,丰田,144,31,32.5161,模拟
2025-10,MOCK-TA-015,模拟达曼授权车商01,二级展厅,雷克萨斯,16,31,3.6129,模拟
2025-10,MOCK-TA-016,模拟达曼授权车商02,二级展厅,丰田,133,31,30.0323,模拟
2025-10,MOCK-TA-017,模拟达曼授权车商03,二级展厅,丰田,154,31,34.7742,模拟
2025-10,MOCK-TA-018,模拟达曼授权车商04,二级展厅,丰田,191,31,43.129,模拟
2025-10,MOCK-TA-019,模拟胡拜尔授权车商01,二级展厅,丰田,142,31,32.0645,模拟
2025-10,MOCK-TA-019,模拟胡拜尔授权车商01,二级展厅,雷克萨斯,17,31,3.8387,模拟
2025-10,MOCK-TA-020,模拟胡拜尔授权车商02,二级展厅,丰田,191,31,43.129,模拟
2025-10,MOCK-TA-021,模拟麦加授权车商01,二级展厅,丰田,147,31,33.1935,模拟
2025-10,MOCK-TA-021,模拟麦加授权车商01,二级展厅,雷克萨斯,16,31,3.6129,模拟
2025-10,MOCK-TA-022,模拟麦加授权车商02,二级展厅,丰田,169,31,38.1613,模拟
2025-10,MOCK-TA-023,模拟麦加授权车商03,二级展厅,丰田,154,31,34.7742,模拟
2025-10,MOCK-TA-024,模拟麦地那授权车商01,二级展厅,丰田,148,31,33.4194,模拟
2025-10,MOCK-TA-024,模拟麦地那授权车商01,二级展厅,雷克萨斯,17,31,3.8387,模拟
2025-10,MOCK-TA-025,模拟麦地那授权车商02,二级展厅,丰田,165,31,37.2581,模拟
2025-10,MOCK-TA-026,模拟塔伊夫授权车商01,二级展厅,丰田,115,31,25.9677,模拟
2025-10,MOCK-TA-027,模拟塔伊夫授权车商02,二级展厅,丰田,144,31,32.5161,模拟
2025-10,MOCK-TA-028,模拟哈萨授权车商01,二级展厅,丰田,120,31,27.0968,模拟
2025-10,MOCK-TA-029,模拟哈萨授权车商02,二级展厅,丰田,126,31,28.4516,模拟
2025-10,MOCK-TA-030,模拟布赖代授权车商01,二级展厅,丰田,168,31,37.9355,模拟
2025-10,MOCK-TA-030,模拟布赖代授权车商01,二级展厅,雷克萨斯,18,31,4.0645,模拟
2025-10,MOCK-TA-031,模拟布赖代授权车商02,二级展厅,丰田,165,31,37.2581,模拟
2025-10,MOCK-TA-032,模拟布赖代授权车商03,二级展厅,丰田,142,31,32.0645,模拟
2025-10,MOCK-TA-033,模拟欧奈宰授权车商01,二级展厅,丰田,107,31,24.1613,模拟
2025-10,MOCK-TA-034,模拟哈伊勒授权车商01,二级展厅,丰田,142,31,32.0645,模拟
2025-10,MOCK-TA-035,模拟哈伊勒授权车商02,二级展厅,丰田,106,31,23.9355,模拟
2025-10,MOCK-TA-036,模拟塔布克授权车商01,二级展厅,丰田,112,31,25.2903,模拟
2025-10,MOCK-TA-037,模拟塔布克授权车商02,二级展厅,丰田,110,31,24.8387,模拟
2025-10,MOCK-TA-038,模拟艾卜哈授权车商01,二级展厅,丰田,114,31,25.7419,模拟
2025-10,MOCK-TA-038,模拟艾卜哈授权车商01,二级展厅,雷克萨斯,14,31,3.1613,模拟
2025-10,MOCK-TA-039,模拟艾卜哈授权车商02,二级展厅,丰田,136,31,30.7097,模拟
2025-10,MOCK-TA-040,模拟海米斯穆谢特授权车商01,二级展厅,丰田,119,31,26.871,模拟
2025-10,MOCK-TA-041,模拟吉赞授权车商01,二级展厅,丰田,171,31,38.6129,模拟
2025-10,MOCK-TA-042,模拟吉赞授权车商02,二级展厅,丰田,137,31,30.9355,模拟
2025-10,MOCK-TA-043,模拟奈季兰授权车商01,二级展厅,丰田,111,31,25.0645,模拟
2025-10,MOCK-TA-044,模拟延布授权车商01,二级展厅,丰田,127,31,28.6774,模拟
2025-10,MOCK-TA-045,模拟朱拜勒授权车商01,二级展厅,丰田,116,31,26.1935,模拟
2025-11,MOCK-TD-001,模拟ALJ直营零售主体,直营,丰田,15775,30,3680.8333,模拟
2025-11,MOCK-TD-001,模拟ALJ直营零售主体,直营,雷克萨斯,1249,30,291.4333,模拟
2025-11,MOCK-TA-001,模拟利雅得授权车商01,二级展厅,丰田,180,30,42,模拟
2025-11,MOCK-TA-001,模拟利雅得授权车商01,二级展厅,雷克萨斯,20,30,4.6667,模拟
2025-11,MOCK-TA-002,模拟利雅得授权车商02,二级展厅,丰田,179,30,41.7667,模拟
2025-11,MOCK-TA-003,模拟利雅得授权车商03,二级展厅,丰田,179,30,41.7667,模拟
2025-11,MOCK-TA-004,模拟利雅得授权车商04,二级展厅,丰田,216,30,50.4,模拟
2025-11,MOCK-TA-005,模拟利雅得授权车商05,二级展厅,丰田,168,30,39.2,模拟
2025-11,MOCK-TA-006,模拟利雅得授权车商06,二级展厅,丰田,200,30,46.6667,模拟
2025-11,MOCK-TA-007,模拟利雅得授权车商07,二级展厅,丰田,171,30,39.9,模拟
2025-11,MOCK-TA-008,模拟利雅得授权车商08,二级展厅,丰田,183,30,42.7,模拟
2025-11,MOCK-TA-009,模拟吉达授权车商01,二级展厅,丰田,164,30,38.2667,模拟
2025-11,MOCK-TA-009,模拟吉达授权车商01,二级展厅,雷克萨斯,21,30,4.9,模拟
2025-11,MOCK-TA-010,模拟吉达授权车商02,二级展厅,丰田,212,30,49.4667,模拟
2025-11,MOCK-TA-011,模拟吉达授权车商03,二级展厅,丰田,144,30,33.6,模拟
2025-11,MOCK-TA-012,模拟吉达授权车商04,二级展厅,丰田,192,30,44.8,模拟
2025-11,MOCK-TA-013,模拟吉达授权车商05,二级展厅,丰田,190,30,44.3333,模拟
2025-11,MOCK-TA-014,模拟吉达授权车商06,二级展厅,丰田,178,30,41.5333,模拟
2025-11,MOCK-TA-015,模拟达曼授权车商01,二级展厅,丰田,130,30,30.3333,模拟
2025-11,MOCK-TA-015,模拟达曼授权车商01,二级展厅,雷克萨斯,15,30,3.5,模拟
2025-11,MOCK-TA-016,模拟达曼授权车商02,二级展厅,丰田,126,30,29.4,模拟
2025-11,MOCK-TA-017,模拟达曼授权车商03,二级展厅,丰田,170,30,39.6667,模拟
2025-11,MOCK-TA-018,模拟达曼授权车商04,二级展厅,丰田,169,30,39.4333,模拟
2025-11,MOCK-TA-019,模拟胡拜尔授权车商01,二级展厅,丰田,157,30,36.6333,模拟
2025-11,MOCK-TA-019,模拟胡拜尔授权车商01,二级展厅,雷克萨斯,17,30,3.9667,模拟
2025-11,MOCK-TA-020,模拟胡拜尔授权车商02,二级展厅,丰田,167,30,38.9667,模拟
2025-11,MOCK-TA-021,模拟麦加授权车商01,二级展厅,丰田,142,30,33.1333,模拟
2025-11,MOCK-TA-021,模拟麦加授权车商01,二级展厅,雷克萨斯,18,30,4.2,模拟
2025-11,MOCK-TA-022,模拟麦加授权车商02,二级展厅,丰田,158,30,36.8667,模拟
2025-11,MOCK-TA-023,模拟麦加授权车商03,二级展厅,丰田,133,30,31.0333,模拟
2025-11,MOCK-TA-024,模拟麦地那授权车商01,二级展厅,丰田,116,30,27.0667,模拟
2025-11,MOCK-TA-024,模拟麦地那授权车商01,二级展厅,雷克萨斯,15,30,3.5,模拟
2025-11,MOCK-TA-025,模拟麦地那授权车商02,二级展厅,丰田,159,30,37.1,模拟
2025-11,MOCK-TA-026,模拟塔伊夫授权车商01,二级展厅,丰田,114,30,26.6,模拟
2025-11,MOCK-TA-027,模拟塔伊夫授权车商02,二级展厅,丰田,143,30,33.3667,模拟
2025-11,MOCK-TA-028,模拟哈萨授权车商01,二级展厅,丰田,130,30,30.3333,模拟
2025-11,MOCK-TA-029,模拟哈萨授权车商02,二级展厅,丰田,127,30,29.6333,模拟
2025-11,MOCK-TA-030,模拟布赖代授权车商01,二级展厅,丰田,146,30,34.0667,模拟
2025-11,MOCK-TA-030,模拟布赖代授权车商01,二级展厅,雷克萨斯,19,30,4.4333,模拟
2025-11,MOCK-TA-031,模拟布赖代授权车商02,二级展厅,丰田,140,30,32.6667,模拟
2025-11,MOCK-TA-032,模拟布赖代授权车商03,二级展厅,丰田,150,30,35,模拟
2025-11,MOCK-TA-033,模拟欧奈宰授权车商01,二级展厅,丰田,107,30,24.9667,模拟
2025-11,MOCK-TA-034,模拟哈伊勒授权车商01,二级展厅,丰田,136,30,31.7333,模拟
2025-11,MOCK-TA-035,模拟哈伊勒授权车商02,二级展厅,丰田,97,30,22.6333,模拟
2025-11,MOCK-TA-036,模拟塔布克授权车商01,二级展厅,丰田,106,30,24.7333,模拟
2025-11,MOCK-TA-037,模拟塔布克授权车商02,二级展厅,丰田,108,30,25.2,模拟
2025-11,MOCK-TA-038,模拟艾卜哈授权车商01,二级展厅,丰田,127,30,29.6333,模拟
2025-11,MOCK-TA-038,模拟艾卜哈授权车商01,二级展厅,雷克萨斯,14,30,3.2667,模拟
2025-11,MOCK-TA-039,模拟艾卜哈授权车商02,二级展厅,丰田,125,30,29.1667,模拟
2025-11,MOCK-TA-040,模拟海米斯穆谢特授权车商01,二级展厅,丰田,131,30,30.5667,模拟
2025-11,MOCK-TA-041,模拟吉赞授权车商01,二级展厅,丰田,160,30,37.3333,模拟
2025-11,MOCK-TA-042,模拟吉赞授权车商02,二级展厅,丰田,149,30,34.7667,模拟
2025-11,MOCK-TA-043,模拟奈季兰授权车商01,二级展厅,丰田,121,30,28.2333,模拟
2025-11,MOCK-TA-044,模拟延布授权车商01,二级展厅,丰田,127,30,29.6333,模拟
2025-11,MOCK-TA-045,模拟朱拜勒授权车商01,二级展厅,丰田,134,30,31.2667,模拟
2025-12,MOCK-TD-001,模拟ALJ直营零售主体,直营,丰田,18182,31,4105.6129,模拟
2025-12,MOCK-TD-001,模拟ALJ直营零售主体,直营,雷克萨斯,1249,31,282.0323,模拟
2025-12,MOCK-TA-001,模拟利雅得授权车商01,二级展厅,丰田,184,31,41.5484,模拟
2025-12,MOCK-TA-001,模拟利雅得授权车商01,二级展厅,雷克萨斯,20,31,4.5161,模拟
2025-12,MOCK-TA-002,模拟利雅得授权车商02,二级展厅,丰田,172,31,38.8387,模拟
2025-12,MOCK-TA-003,模拟利雅得授权车商03,二级展厅,丰田,184,31,41.5484,模拟
2025-12,MOCK-TA-004,模拟利雅得授权车商04,二级展厅,丰田,277,31,62.5484,模拟
2025-12,MOCK-TA-005,模拟利雅得授权车商05,二级展厅,丰田,174,31,39.2903,模拟
2025-12,MOCK-TA-006,模拟利雅得授权车商06,二级展厅,丰田,258,31,58.2581,模拟
2025-12,MOCK-TA-007,模拟利雅得授权车商07,二级展厅,丰田,167,31,37.7097,模拟
2025-12,MOCK-TA-008,模拟利雅得授权车商08,二级展厅,丰田,181,31,40.871,模拟
2025-12,MOCK-TA-009,模拟吉达授权车商01,二级展厅,丰田,193,31,43.5806,模拟
2025-12,MOCK-TA-009,模拟吉达授权车商01,二级展厅,雷克萨斯,21,31,4.7419,模拟
2025-12,MOCK-TA-010,模拟吉达授权车商02,二级展厅,丰田,274,31,61.871,模拟
2025-12,MOCK-TA-011,模拟吉达授权车商03,二级展厅,丰田,170,31,38.3871,模拟
2025-12,MOCK-TA-012,模拟吉达授权车商04,二级展厅,丰田,236,31,53.2903,模拟
2025-12,MOCK-TA-013,模拟吉达授权车商05,二级展厅,丰田,226,31,51.0323,模拟
2025-12,MOCK-TA-014,模拟吉达授权车商06,二级展厅,丰田,181,31,40.871,模拟
2025-12,MOCK-TA-015,模拟达曼授权车商01,二级展厅,丰田,160,31,36.129,模拟
2025-12,MOCK-TA-015,模拟达曼授权车商01,二级展厅,雷克萨斯,17,31,3.8387,模拟
2025-12,MOCK-TA-016,模拟达曼授权车商02,二级展厅,丰田,158,31,35.6774,模拟
2025-12,MOCK-TA-017,模拟达曼授权车商03,二级展厅,丰田,193,31,43.5806,模拟
2025-12,MOCK-TA-018,模拟达曼授权车商04,二级展厅,丰田,197,31,44.4839,模拟
2025-12,MOCK-TA-019,模拟胡拜尔授权车商01,二级展厅,丰田,179,31,40.4194,模拟
2025-12,MOCK-TA-019,模拟胡拜尔授权车商01,二级展厅,雷克萨斯,16,31,3.6129,模拟
2025-12,MOCK-TA-020,模拟胡拜尔授权车商02,二级展厅,丰田,222,31,50.129,模拟
2025-12,MOCK-TA-021,模拟麦加授权车商01,二级展厅,丰田,181,31,40.871,模拟
2025-12,MOCK-TA-021,模拟麦加授权车商01,二级展厅,雷克萨斯,18,31,4.0645,模拟
2025-12,MOCK-TA-022,模拟麦加授权车商02,二级展厅,丰田,198,31,44.7097,模拟
2025-12,MOCK-TA-023,模拟麦加授权车商03,二级展厅,丰田,188,31,42.4516,模拟
2025-12,MOCK-TA-024,模拟麦地那授权车商01,二级展厅,丰田,160,31,36.129,模拟
2025-12,MOCK-TA-024,模拟麦地那授权车商01,二级展厅,雷克萨斯,14,31,3.1613,模拟
2025-12,MOCK-TA-025,模拟麦地那授权车商02,二级展厅,丰田,178,31,40.1935,模拟
2025-12,MOCK-TA-026,模拟塔伊夫授权车商01,二级展厅,丰田,116,31,26.1935,模拟
2025-12,MOCK-TA-027,模拟塔伊夫授权车商02,二级展厅,丰田,145,31,32.7419,模拟
2025-12,MOCK-TA-028,模拟哈萨授权车商01,二级展厅,丰田,147,31,33.1935,模拟
2025-12,MOCK-TA-029,模拟哈萨授权车商02,二级展厅,丰田,128,31,28.9032,模拟
2025-12,MOCK-TA-030,模拟布赖代授权车商01,二级展厅,丰田,168,31,37.9355,模拟
2025-12,MOCK-TA-030,模拟布赖代授权车商01,二级展厅,雷克萨斯,17,31,3.8387,模拟
2025-12,MOCK-TA-031,模拟布赖代授权车商02,二级展厅,丰田,176,31,39.7419,模拟
2025-12,MOCK-TA-032,模拟布赖代授权车商03,二级展厅,丰田,167,31,37.7097,模拟
2025-12,MOCK-TA-033,模拟欧奈宰授权车商01,二级展厅,丰田,123,31,27.7742,模拟
2025-12,MOCK-TA-034,模拟哈伊勒授权车商01,二级展厅,丰田,153,31,34.5484,模拟
2025-12,MOCK-TA-035,模拟哈伊勒授权车商02,二级展厅,丰田,106,31,23.9355,模拟
2025-12,MOCK-TA-036,模拟塔布克授权车商01,二级展厅,丰田,128,31,28.9032,模拟
2025-12,MOCK-TA-037,模拟塔布克授权车商02,二级展厅,丰田,126,31,28.4516,模拟
2025-12,MOCK-TA-038,模拟艾卜哈授权车商01,二级展厅,丰田,130,31,29.3548,模拟
2025-12,MOCK-TA-038,模拟艾卜哈授权车商01,二级展厅,雷克萨斯,16,31,3.6129,模拟
2025-12,MOCK-TA-039,模拟艾卜哈授权车商02,二级展厅,丰田,156,31,35.2258,模拟
2025-12,MOCK-TA-040,模拟海米斯穆谢特授权车商01,二级展厅,丰田,150,31,33.871,模拟
2025-12,MOCK-TA-041,模拟吉赞授权车商01,二级展厅,丰田,188,31,42.4516,模拟
2025-12,MOCK-TA-042,模拟吉赞授权车商02,二级展厅,丰田,150,31,33.871,模拟
2025-12,MOCK-TA-043,模拟奈季兰授权车商01,二级展厅,丰田,135,31,30.4839,模拟
2025-12,MOCK-TA-044,模拟延布授权车商01,二级展厅,丰田,174,31,39.2903,模拟
2025-12,MOCK-TA-045,模拟朱拜勒授权车商01,二级展厅,丰田,135,31,30.4839,模拟
2026-01,MOCK-TD-001,模拟ALJ直营零售主体,直营,丰田,13082,31,2954,模拟
2026-01,MOCK-TD-001,模拟ALJ直营零售主体,直营,雷克萨斯,864,31,195.0968,模拟
2026-01,MOCK-TA-001,模拟利雅得授权车商01,二级展厅,丰田,160,31,36.129,模拟
2026-01,MOCK-TA-001,模拟利雅得授权车商01,二级展厅,雷克萨斯,12,31,2.7097,模拟
2026-01,MOCK-TA-002,模拟利雅得授权车商02,二级展厅,丰田,126,31,28.4516,模拟
2026-01,MOCK-TA-003,模拟利雅得授权车商03,二级展厅,丰田,133,31,30.0323,模拟
2026-01,MOCK-TA-004,模拟利雅得授权车商04,二级展厅,丰田,164,31,37.0323,模拟
2026-01,MOCK-TA-005,模拟利雅得授权车商05,二级展厅,丰田,122,31,27.5484,模拟
2026-01,MOCK-TA-006,模拟利雅得授权车商06,二级展厅,丰田,150,31,33.871,模拟
2026-01,MOCK-TA-007,模拟利雅得授权车商07,二级展厅,丰田,144,31,32.5161,模拟
2026-01,MOCK-TA-008,模拟利雅得授权车商08,二级展厅,丰田,141,31,31.8387,模拟
2026-01,MOCK-TA-009,模拟吉达授权车商01,二级展厅,丰田,138,31,31.1613,模拟
2026-01,MOCK-TA-009,模拟吉达授权车商01,二级展厅,雷克萨斯,14,31,3.1613,模拟
2026-01,MOCK-TA-010,模拟吉达授权车商02,二级展厅,丰田,185,31,41.7742,模拟
2026-01,MOCK-TA-011,模拟吉达授权车商03,二级展厅,丰田,135,31,30.4839,模拟
2026-01,MOCK-TA-012,模拟吉达授权车商04,二级展厅,丰田,165,31,37.2581,模拟
2026-01,MOCK-TA-013,模拟吉达授权车商05,二级展厅,丰田,175,31,39.5161,模拟
2026-01,MOCK-TA-014,模拟吉达授权车商06,二级展厅,丰田,145,31,32.7419,模拟
2026-01,MOCK-TA-015,模拟达曼授权车商01,二级展厅,丰田,118,31,26.6452,模拟
2026-01,MOCK-TA-015,模拟达曼授权车商01,二级展厅,雷克萨斯,11,31,2.4839,模拟
2026-01,MOCK-TA-016,模拟达曼授权车商02,二级展厅,丰田,118,31,26.6452,模拟
2026-01,MOCK-TA-017,模拟达曼授权车商03,二级展厅,丰田,126,31,28.4516,模拟
2026-01,MOCK-TA-018,模拟达曼授权车商04,二级展厅,丰田,140,31,31.6129,模拟
2026-01,MOCK-TA-019,模拟胡拜尔授权车商01,二级展厅,丰田,132,31,29.8065,模拟
2026-01,MOCK-TA-019,模拟胡拜尔授权车商01,二级展厅,雷克萨斯,12,31,2.7097,模拟
2026-01,MOCK-TA-020,模拟胡拜尔授权车商02,二级展厅,丰田,141,31,31.8387,模拟
2026-01,MOCK-TA-021,模拟麦加授权车商01,二级展厅,丰田,136,31,30.7097,模拟
2026-01,MOCK-TA-021,模拟麦加授权车商01,二级展厅,雷克萨斯,13,31,2.9355,模拟
2026-01,MOCK-TA-022,模拟麦加授权车商02,二级展厅,丰田,119,31,26.871,模拟
2026-01,MOCK-TA-023,模拟麦加授权车商03,二级展厅,丰田,117,31,26.4194,模拟
2026-01,MOCK-TA-024,模拟麦地那授权车商01,二级展厅,丰田,118,31,26.6452,模拟
2026-01,MOCK-TA-024,模拟麦地那授权车商01,二级展厅,雷克萨斯,11,31,2.4839,模拟
2026-01,MOCK-TA-025,模拟麦地那授权车商02,二级展厅,丰田,134,31,30.2581,模拟
2026-01,MOCK-TA-026,模拟塔伊夫授权车商01,二级展厅,丰田,86,31,19.4194,模拟
2026-01,MOCK-TA-027,模拟塔伊夫授权车商02,二级展厅,丰田,123,31,27.7742,模拟
2026-01,MOCK-TA-028,模拟哈萨授权车商01,二级展厅,丰田,117,31,26.4194,模拟
2026-01,MOCK-TA-029,模拟哈萨授权车商02,二级展厅,丰田,107,31,24.1613,模拟
2026-01,MOCK-TA-030,模拟布赖代授权车商01,二级展厅,丰田,131,31,29.5806,模拟
2026-01,MOCK-TA-030,模拟布赖代授权车商01,二级展厅,雷克萨斯,14,31,3.1613,模拟
2026-01,MOCK-TA-031,模拟布赖代授权车商02,二级展厅,丰田,115,31,25.9677,模拟
2026-01,MOCK-TA-032,模拟布赖代授权车商03,二级展厅,丰田,124,31,28,模拟
2026-01,MOCK-TA-033,模拟欧奈宰授权车商01,二级展厅,丰田,94,31,21.2258,模拟
2026-01,MOCK-TA-034,模拟哈伊勒授权车商01,二级展厅,丰田,118,31,26.6452,模拟
2026-01,MOCK-TA-035,模拟哈伊勒授权车商02,二级展厅,丰田,79,31,17.8387,模拟
2026-01,MOCK-TA-036,模拟塔布克授权车商01,二级展厅,丰田,88,31,19.871,模拟
2026-01,MOCK-TA-037,模拟塔布克授权车商02,二级展厅,丰田,80,31,18.0645,模拟
2026-01,MOCK-TA-038,模拟艾卜哈授权车商01,二级展厅,丰田,99,31,22.3548,模拟
2026-01,MOCK-TA-038,模拟艾卜哈授权车商01,二级展厅,雷克萨斯,9,31,2.0323,模拟
2026-01,MOCK-TA-039,模拟艾卜哈授权车商02,二级展厅,丰田,105,31,23.7097,模拟
2026-01,MOCK-TA-040,模拟海米斯穆谢特授权车商01,二级展厅,丰田,102,31,23.0323,模拟
2026-01,MOCK-TA-041,模拟吉赞授权车商01,二级展厅,丰田,131,31,29.5806,模拟
2026-01,MOCK-TA-042,模拟吉赞授权车商02,二级展厅,丰田,124,31,28,模拟
2026-01,MOCK-TA-043,模拟奈季兰授权车商01,二级展厅,丰田,98,31,22.129,模拟
2026-01,MOCK-TA-044,模拟延布授权车商01,二级展厅,丰田,107,31,24.1613,模拟
2026-01,MOCK-TA-045,模拟朱拜勒授权车商01,二级展厅,丰田,97,31,21.9032,模拟
2026-02,MOCK-TD-001,模拟ALJ直营零售主体,直营,丰田,12837,28,3209.25,模拟
2026-02,MOCK-TD-001,模拟ALJ直营零售主体,直营,雷克萨斯,864,28,216,模拟
2026-02,MOCK-TA-001,模拟利雅得授权车商01,二级展厅,丰田,139,28,34.75,模拟
2026-02,MOCK-TA-001,模拟利雅得授权车商01,二级展厅,雷克萨斯,14,28,3.5,模拟
2026-02,MOCK-TA-002,模拟利雅得授权车商02,二级展厅,丰田,122,28,30.5,模拟
2026-02,MOCK-TA-003,模拟利雅得授权车商03,二级展厅,丰田,139,28,34.75,模拟
2026-02,MOCK-TA-004,模拟利雅得授权车商04,二级展厅,丰田,194,28,48.5,模拟
2026-02,MOCK-TA-005,模拟利雅得授权车商05,二级展厅,丰田,135,28,33.75,模拟
2026-02,MOCK-TA-006,模拟利雅得授权车商06,二级展厅,丰田,171,28,42.75,模拟
2026-02,MOCK-TA-007,模拟利雅得授权车商07,二级展厅,丰田,134,28,33.5,模拟
2026-02,MOCK-TA-008,模拟利雅得授权车商08,二级展厅,丰田,132,28,33,模拟
2026-02,MOCK-TA-009,模拟吉达授权车商01,二级展厅,丰田,145,28,36.25,模拟
2026-02,MOCK-TA-009,模拟吉达授权车商01,二级展厅,雷克萨斯,13,28,3.25,模拟
2026-02,MOCK-TA-010,模拟吉达授权车商02,二级展厅,丰田,182,28,45.5,模拟
2026-02,MOCK-TA-011,模拟吉达授权车商03,二级展厅,丰田,142,28,35.5,模拟
2026-02,MOCK-TA-012,模拟吉达授权车商04,二级展厅,丰田,159,28,39.75,模拟
2026-02,MOCK-TA-013,模拟吉达授权车商05,二级展厅,丰田,138,28,34.5,模拟
2026-02,MOCK-TA-014,模拟吉达授权车商06,二级展厅,丰田,133,28,33.25,模拟
2026-02,MOCK-TA-015,模拟达曼授权车商01,二级展厅,丰田,118,28,29.5,模拟
2026-02,MOCK-TA-015,模拟达曼授权车商01,二级展厅,雷克萨斯,12,28,3,模拟
2026-02,MOCK-TA-016,模拟达曼授权车商02,二级展厅,丰田,108,28,27,模拟
2026-02,MOCK-TA-017,模拟达曼授权车商03,二级展厅,丰田,129,28,32.25,模拟
2026-02,MOCK-TA-018,模拟达曼授权车商04,二级展厅,丰田,135,28,33.75,模拟
2026-02,MOCK-TA-019,模拟胡拜尔授权车商01,二级展厅,丰田,114,28,28.5,模拟
2026-02,MOCK-TA-019,模拟胡拜尔授权车商01,二级展厅,雷克萨斯,13,28,3.25,模拟
2026-02,MOCK-TA-020,模拟胡拜尔授权车商02,二级展厅,丰田,127,28,31.75,模拟
2026-02,MOCK-TA-021,模拟麦加授权车商01,二级展厅,丰田,131,28,32.75,模拟
2026-02,MOCK-TA-021,模拟麦加授权车商01,二级展厅,雷克萨斯,13,28,3.25,模拟
2026-02,MOCK-TA-022,模拟麦加授权车商02,二级展厅,丰田,134,28,33.5,模拟
2026-02,MOCK-TA-023,模拟麦加授权车商03,二级展厅,丰田,113,28,28.25,模拟
2026-02,MOCK-TA-024,模拟麦地那授权车商01,二级展厅,丰田,94,28,23.5,模拟
2026-02,MOCK-TA-024,模拟麦地那授权车商01,二级展厅,雷克萨斯,9,28,2.25,模拟
2026-02,MOCK-TA-025,模拟麦地那授权车商02,二级展厅,丰田,117,28,29.25,模拟
2026-02,MOCK-TA-026,模拟塔伊夫授权车商01,二级展厅,丰田,85,28,21.25,模拟
2026-02,MOCK-TA-027,模拟塔伊夫授权车商02,二级展厅,丰田,120,28,30,模拟
2026-02,MOCK-TA-028,模拟哈萨授权车商01,二级展厅,丰田,113,28,28.25,模拟
2026-02,MOCK-TA-029,模拟哈萨授权车商02,二级展厅,丰田,108,28,27,模拟
2026-02,MOCK-TA-030,模拟布赖代授权车商01,二级展厅,丰田,143,28,35.75,模拟
2026-02,MOCK-TA-030,模拟布赖代授权车商01,二级展厅,雷克萨斯,14,28,3.5,模拟
2026-02,MOCK-TA-031,模拟布赖代授权车商02,二级展厅,丰田,129,28,32.25,模拟
2026-02,MOCK-TA-032,模拟布赖代授权车商03,二级展厅,丰田,123,28,30.75,模拟
2026-02,MOCK-TA-033,模拟欧奈宰授权车商01,二级展厅,丰田,92,28,23,模拟
2026-02,MOCK-TA-034,模拟哈伊勒授权车商01,二级展厅,丰田,110,28,27.5,模拟
2026-02,MOCK-TA-035,模拟哈伊勒授权车商02,二级展厅,丰田,77,28,19.25,模拟
2026-02,MOCK-TA-036,模拟塔布克授权车商01,二级展厅,丰田,92,28,23,模拟
2026-02,MOCK-TA-037,模拟塔布克授权车商02,二级展厅,丰田,75,28,18.75,模拟
2026-02,MOCK-TA-038,模拟艾卜哈授权车商01,二级展厅,丰田,89,28,22.25,模拟
2026-02,MOCK-TA-038,模拟艾卜哈授权车商01,二级展厅,雷克萨斯,8,28,2,模拟
2026-02,MOCK-TA-039,模拟艾卜哈授权车商02,二级展厅,丰田,107,28,26.75,模拟
2026-02,MOCK-TA-040,模拟海米斯穆谢特授权车商01,二级展厅,丰田,106,28,26.5,模拟
2026-02,MOCK-TA-041,模拟吉赞授权车商01,二级展厅,丰田,133,28,33.25,模拟
2026-02,MOCK-TA-042,模拟吉赞授权车商02,二级展厅,丰田,124,28,31,模拟
2026-02,MOCK-TA-043,模拟奈季兰授权车商01,二级展厅,丰田,84,28,21,模拟
2026-02,MOCK-TA-044,模拟延布授权车商01,二级展厅,丰田,111,28,27.75,模拟
2026-02,MOCK-TA-045,模拟朱拜勒授权车商01,二级展厅,丰田,96,28,24,模拟
2026-03,MOCK-TD-001,模拟ALJ直营零售主体,直营,丰田,11082,31,2502.3871,模拟
2026-03,MOCK-TD-001,模拟ALJ直营零售主体,直营,雷克萨斯,864,31,195.0968,模拟
2026-03,MOCK-TA-001,模拟利雅得授权车商01,二级展厅,丰田,115,31,25.9677,模拟
2026-03,MOCK-TA-001,模拟利雅得授权车商01,二级展厅,雷克萨斯,15,31,3.3871,模拟
2026-03,MOCK-TA-002,模拟利雅得授权车商02,二级展厅,丰田,115,31,25.9677,模拟
2026-03,MOCK-TA-003,模拟利雅得授权车商03,二级展厅,丰田,126,31,28.4516,模拟
2026-03,MOCK-TA-004,模拟利雅得授权车商04,二级展厅,丰田,164,31,37.0323,模拟
2026-03,MOCK-TA-005,模拟利雅得授权车商05,二级展厅,丰田,103,31,23.2581,模拟
2026-03,MOCK-TA-006,模拟利雅得授权车商06,二级展厅,丰田,132,31,29.8065,模拟
2026-03,MOCK-TA-007,模拟利雅得授权车商07,二级展厅,丰田,112,31,25.2903,模拟
2026-03,MOCK-TA-008,模拟利雅得授权车商08,二级展厅,丰田,119,31,26.871,模拟
2026-03,MOCK-TA-009,模拟吉达授权车商01,二级展厅,丰田,117,31,26.4194,模拟
2026-03,MOCK-TA-009,模拟吉达授权车商01,二级展厅,雷克萨斯,15,31,3.3871,模拟
2026-03,MOCK-TA-010,模拟吉达授权车商02,二级展厅,丰田,172,31,38.8387,模拟
2026-03,MOCK-TA-011,模拟吉达授权车商03,二级展厅,丰田,121,31,27.3226,模拟
2026-03,MOCK-TA-012,模拟吉达授权车商04,二级展厅,丰田,121,31,27.3226,模拟
2026-03,MOCK-TA-013,模拟吉达授权车商05,二级展厅,丰田,145,31,32.7419,模拟
2026-03,MOCK-TA-014,模拟吉达授权车商06,二级展厅,丰田,127,31,28.6774,模拟
2026-03,MOCK-TA-015,模拟达曼授权车商01,二级展厅,丰田,91,31,20.5484,模拟
2026-03,MOCK-TA-015,模拟达曼授权车商01,二级展厅,雷克萨斯,11,31,2.4839,模拟
2026-03,MOCK-TA-016,模拟达曼授权车商02,二级展厅,丰田,95,31,21.4516,模拟
2026-03,MOCK-TA-017,模拟达曼授权车商03,二级展厅,丰田,118,31,26.6452,模拟
2026-03,MOCK-TA-018,模拟达曼授权车商04,二级展厅,丰田,131,31,29.5806,模拟
2026-03,MOCK-TA-019,模拟胡拜尔授权车商01,二级展厅,丰田,116,31,26.1935,模拟
2026-03,MOCK-TA-019,模拟胡拜尔授权车商01,二级展厅,雷克萨斯,11,31,2.4839,模拟
2026-03,MOCK-TA-020,模拟胡拜尔授权车商02,二级展厅,丰田,120,31,27.0968,模拟
2026-03,MOCK-TA-021,模拟麦加授权车商01,二级展厅,丰田,96,31,21.6774,模拟
2026-03,MOCK-TA-021,模拟麦加授权车商01,二级展厅,雷克萨斯,13,31,2.9355,模拟
2026-03,MOCK-TA-022,模拟麦加授权车商02,二级展厅,丰田,118,31,26.6452,模拟
2026-03,MOCK-TA-023,模拟麦加授权车商03,二级展厅,丰田,93,31,21,模拟
2026-03,MOCK-TA-024,模拟麦地那授权车商01,二级展厅,丰田,92,31,20.7742,模拟
2026-03,MOCK-TA-024,模拟麦地那授权车商01,二级展厅,雷克萨斯,10,31,2.2581,模拟
2026-03,MOCK-TA-025,模拟麦地那授权车商02,二级展厅,丰田,104,31,23.4839,模拟
2026-03,MOCK-TA-026,模拟塔伊夫授权车商01,二级展厅,丰田,73,31,16.4839,模拟
2026-03,MOCK-TA-027,模拟塔伊夫授权车商02,二级展厅,丰田,84,31,18.9677,模拟
2026-03,MOCK-TA-028,模拟哈萨授权车商01,二级展厅,丰田,84,31,18.9677,模拟
2026-03,MOCK-TA-029,模拟哈萨授权车商02,二级展厅,丰田,78,31,17.6129,模拟
2026-03,MOCK-TA-030,模拟布赖代授权车商01,二级展厅,丰田,126,31,28.4516,模拟
2026-03,MOCK-TA-030,模拟布赖代授权车商01,二级展厅,雷克萨斯,12,31,2.7097,模拟
2026-03,MOCK-TA-031,模拟布赖代授权车商02,二级展厅,丰田,102,31,23.0323,模拟
2026-03,MOCK-TA-032,模拟布赖代授权车商03,二级展厅,丰田,100,31,22.5806,模拟
2026-03,MOCK-TA-033,模拟欧奈宰授权车商01,二级展厅,丰田,81,31,18.2903,模拟
2026-03,MOCK-TA-034,模拟哈伊勒授权车商01,二级展厅,丰田,93,31,21,模拟
2026-03,MOCK-TA-035,模拟哈伊勒授权车商02,二级展厅,丰田,75,31,16.9355,模拟
2026-03,MOCK-TA-036,模拟塔布克授权车商01,二级展厅,丰田,71,31,16.0323,模拟
2026-03,MOCK-TA-037,模拟塔布克授权车商02,二级展厅,丰田,81,31,18.2903,模拟
2026-03,MOCK-TA-038,模拟艾卜哈授权车商01,二级展厅,丰田,79,31,17.8387,模拟
2026-03,MOCK-TA-038,模拟艾卜哈授权车商01,二级展厅,雷克萨斯,9,31,2.0323,模拟
2026-03,MOCK-TA-039,模拟艾卜哈授权车商02,二级展厅,丰田,102,31,23.0323,模拟
2026-03,MOCK-TA-040,模拟海米斯穆谢特授权车商01,二级展厅,丰田,89,31,20.0968,模拟
2026-03,MOCK-TA-041,模拟吉赞授权车商01,二级展厅,丰田,112,31,25.2903,模拟
2026-03,MOCK-TA-042,模拟吉赞授权车商02,二级展厅,丰田,90,31,20.3226,模拟
2026-03,MOCK-TA-043,模拟奈季兰授权车商01,二级展厅,丰田,86,31,19.4194,模拟
2026-03,MOCK-TA-044,模拟延布授权车商01,二级展厅,丰田,92,31,20.7742,模拟
2026-03,MOCK-TA-045,模拟朱拜勒授权车商01,二级展厅,丰田,88,31,19.871,模拟
2026-04,MOCK-TD-001,模拟ALJ直营零售主体,直营,丰田,10352,30,2415.4667,模拟
2026-04,MOCK-TD-001,模拟ALJ直营零售主体,直营,雷克萨斯,864,30,201.6,模拟
2026-04,MOCK-TA-001,模拟利雅得授权车商01,二级展厅,丰田,102,30,23.8,模拟
2026-04,MOCK-TA-001,模拟利雅得授权车商01,二级展厅,雷克萨斯,13,30,3.0333,模拟
2026-04,MOCK-TA-002,模拟利雅得授权车商02,二级展厅,丰田,118,30,27.5333,模拟
2026-04,MOCK-TA-003,模拟利雅得授权车商03,二级展厅,丰田,124,30,28.9333,模拟
2026-04,MOCK-TA-004,模拟利雅得授权车商04,二级展厅,丰田,154,30,35.9333,模拟
2026-04,MOCK-TA-005,模拟利雅得授权车商05,二级展厅,丰田,116,30,27.0667,模拟
2026-04,MOCK-TA-006,模拟利雅得授权车商06,二级展厅,丰田,115,30,26.8333,模拟
2026-04,MOCK-TA-007,模拟利雅得授权车商07,二级展厅,丰田,110,30,25.6667,模拟
2026-04,MOCK-TA-008,模拟利雅得授权车商08,二级展厅,丰田,117,30,27.3,模拟
2026-04,MOCK-TA-009,模拟吉达授权车商01,二级展厅,丰田,123,30,28.7,模拟
2026-04,MOCK-TA-009,模拟吉达授权车商01,二级展厅,雷克萨斯,15,30,3.5,模拟
2026-04,MOCK-TA-010,模拟吉达授权车商02,二级展厅,丰田,139,30,32.4333,模拟
2026-04,MOCK-TA-011,模拟吉达授权车商03,二级展厅,丰田,111,30,25.9,模拟
2026-04,MOCK-TA-012,模拟吉达授权车商04,二级展厅,丰田,116,30,27.0667,模拟
2026-04,MOCK-TA-013,模拟吉达授权车商05,二级展厅,丰田,115,30,26.8333,模拟
2026-04,MOCK-TA-014,模拟吉达授权车商06,二级展厅,丰田,103,30,24.0333,模拟
2026-04,MOCK-TA-015,模拟达曼授权车商01,二级展厅,丰田,93,30,21.7,模拟
2026-04,MOCK-TA-015,模拟达曼授权车商01,二级展厅,雷克萨斯,11,30,2.5667,模拟
2026-04,MOCK-TA-016,模拟达曼授权车商02,二级展厅,丰田,97,30,22.6333,模拟
2026-04,MOCK-TA-017,模拟达曼授权车商03,二级展厅,丰田,103,30,24.0333,模拟
2026-04,MOCK-TA-018,模拟达曼授权车商04,二级展厅,丰田,118,30,27.5333,模拟
2026-04,MOCK-TA-019,模拟胡拜尔授权车商01,二级展厅,丰田,92,30,21.4667,模拟
2026-04,MOCK-TA-019,模拟胡拜尔授权车商01,二级展厅,雷克萨斯,11,30,2.5667,模拟
2026-04,MOCK-TA-020,模拟胡拜尔授权车商02,二级展厅,丰田,122,30,28.4667,模拟
2026-04,MOCK-TA-021,模拟麦加授权车商01,二级展厅,丰田,92,30,21.4667,模拟
2026-04,MOCK-TA-021,模拟麦加授权车商01,二级展厅,雷克萨斯,11,30,2.5667,模拟
2026-04,MOCK-TA-022,模拟麦加授权车商02,二级展厅,丰田,110,30,25.6667,模拟
2026-04,MOCK-TA-023,模拟麦加授权车商03,二级展厅,丰田,92,30,21.4667,模拟
2026-04,MOCK-TA-024,模拟麦地那授权车商01,二级展厅,丰田,85,30,19.8333,模拟
2026-04,MOCK-TA-024,模拟麦地那授权车商01,二级展厅,雷克萨斯,12,30,2.8,模拟
2026-04,MOCK-TA-025,模拟麦地那授权车商02,二级展厅,丰田,105,30,24.5,模拟
2026-04,MOCK-TA-026,模拟塔伊夫授权车商01,二级展厅,丰田,67,30,15.6333,模拟
2026-04,MOCK-TA-027,模拟塔伊夫授权车商02,二级展厅,丰田,92,30,21.4667,模拟
2026-04,MOCK-TA-028,模拟哈萨授权车商01,二级展厅,丰田,77,30,17.9667,模拟
2026-04,MOCK-TA-029,模拟哈萨授权车商02,二级展厅,丰田,73,30,17.0333,模拟
2026-04,MOCK-TA-030,模拟布赖代授权车商01,二级展厅,丰田,104,30,24.2667,模拟
2026-04,MOCK-TA-030,模拟布赖代授权车商01,二级展厅,雷克萨斯,13,30,3.0333,模拟
2026-04,MOCK-TA-031,模拟布赖代授权车商02,二级展厅,丰田,105,30,24.5,模拟
2026-04,MOCK-TA-032,模拟布赖代授权车商03,二级展厅,丰田,95,30,22.1667,模拟
2026-04,MOCK-TA-033,模拟欧奈宰授权车商01,二级展厅,丰田,75,30,17.5,模拟
2026-04,MOCK-TA-034,模拟哈伊勒授权车商01,二级展厅,丰田,90,30,21,模拟
2026-04,MOCK-TA-035,模拟哈伊勒授权车商02,二级展厅,丰田,69,30,16.1,模拟
2026-04,MOCK-TA-036,模拟塔布克授权车商01,二级展厅,丰田,60,30,14,模拟
2026-04,MOCK-TA-037,模拟塔布克授权车商02,二级展厅,丰田,73,30,17.0333,模拟
2026-04,MOCK-TA-038,模拟艾卜哈授权车商01,二级展厅,丰田,79,30,18.4333,模拟
2026-04,MOCK-TA-038,模拟艾卜哈授权车商01,二级展厅,雷克萨斯,10,30,2.3333,模拟
2026-04,MOCK-TA-039,模拟艾卜哈授权车商02,二级展厅,丰田,90,30,21,模拟
2026-04,MOCK-TA-040,模拟海米斯穆谢特授权车商01,二级展厅,丰田,76,30,17.7333,模拟
2026-04,MOCK-TA-041,模拟吉赞授权车商01,二级展厅,丰田,102,30,23.8,模拟
2026-04,MOCK-TA-042,模拟吉赞授权车商02,二级展厅,丰田,86,30,20.0667,模拟
2026-04,MOCK-TA-043,模拟奈季兰授权车商01,二级展厅,丰田,77,30,17.9667,模拟
2026-04,MOCK-TA-044,模拟延布授权车商01,二级展厅,丰田,90,30,21,模拟
2026-04,MOCK-TA-045,模拟朱拜勒授权车商01,二级展厅,丰田,84,30,19.6,模拟
2026-05,MOCK-TD-001,模拟ALJ直营零售主体,直营,丰田,8601,31,1942.1613,模拟
2026-05,MOCK-TD-001,模拟ALJ直营零售主体,直营,雷克萨斯,864,31,195.0968,模拟
2026-05,MOCK-TA-001,模拟利雅得授权车商01,二级展厅,丰田,86,31,19.4194,模拟
2026-05,MOCK-TA-001,模拟利雅得授权车商01,二级展厅,雷克萨斯,13,31,2.9355,模拟
2026-05,MOCK-TA-002,模拟利雅得授权车商02,二级展厅,丰田,88,31,19.871,模拟
2026-05,MOCK-TA-003,模拟利雅得授权车商03,二级展厅,丰田,96,31,21.6774,模拟
2026-05,MOCK-TA-004,模拟利雅得授权车商04,二级展厅,丰田,108,31,24.3871,模拟
2026-05,MOCK-TA-005,模拟利雅得授权车商05,二级展厅,丰田,76,31,17.1613,模拟
2026-05,MOCK-TA-006,模拟利雅得授权车商06,二级展厅,丰田,103,31,23.2581,模拟
2026-05,MOCK-TA-007,模拟利雅得授权车商07,二级展厅,丰田,86,31,19.4194,模拟
2026-05,MOCK-TA-008,模拟利雅得授权车商08,二级展厅,丰田,96,31,21.6774,模拟
2026-05,MOCK-TA-009,模拟吉达授权车商01,二级展厅,丰田,100,31,22.5806,模拟
2026-05,MOCK-TA-009,模拟吉达授权车商01,二级展厅,雷克萨斯,12,31,2.7097,模拟
2026-05,MOCK-TA-010,模拟吉达授权车商02,二级展厅,丰田,129,31,29.129,模拟
2026-05,MOCK-TA-011,模拟吉达授权车商03,二级展厅,丰田,82,31,18.5161,模拟
2026-05,MOCK-TA-012,模拟吉达授权车商04,二级展厅,丰田,100,31,22.5806,模拟
2026-05,MOCK-TA-013,模拟吉达授权车商05,二级展厅,丰田,113,31,25.5161,模拟
2026-05,MOCK-TA-014,模拟吉达授权车商06,二级展厅,丰田,83,31,18.7419,模拟
2026-05,MOCK-TA-015,模拟达曼授权车商01,二级展厅,丰田,83,31,18.7419,模拟
2026-05,MOCK-TA-015,模拟达曼授权车商01,二级展厅,雷克萨斯,11,31,2.4839,模拟
2026-05,MOCK-TA-016,模拟达曼授权车商02,二级展厅,丰田,73,31,16.4839,模拟
2026-05,MOCK-TA-017,模拟达曼授权车商03,二级展厅,丰田,97,31,21.9032,模拟
2026-05,MOCK-TA-018,模拟达曼授权车商04,二级展厅,丰田,96,31,21.6774,模拟
2026-05,MOCK-TA-019,模拟胡拜尔授权车商01,二级展厅,丰田,88,31,19.871,模拟
2026-05,MOCK-TA-019,模拟胡拜尔授权车商01,二级展厅,雷克萨斯,13,31,2.9355,模拟
2026-05,MOCK-TA-020,模拟胡拜尔授权车商02,二级展厅,丰田,92,31,20.7742,模拟
2026-05,MOCK-TA-021,模拟麦加授权车商01,二级展厅,丰田,78,31,17.6129,模拟
2026-05,MOCK-TA-021,模拟麦加授权车商01,二级展厅,雷克萨斯,11,31,2.4839,模拟
2026-05,MOCK-TA-022,模拟麦加授权车商02,二级展厅,丰田,79,31,17.8387,模拟
2026-05,MOCK-TA-023,模拟麦加授权车商03,二级展厅,丰田,88,31,19.871,模拟
2026-05,MOCK-TA-024,模拟麦地那授权车商01,二级展厅,丰田,66,31,14.9032,模拟
2026-05,MOCK-TA-024,模拟麦地那授权车商01,二级展厅,雷克萨斯,11,31,2.4839,模拟
2026-05,MOCK-TA-025,模拟麦地那授权车商02,二级展厅,丰田,86,31,19.4194,模拟
2026-05,MOCK-TA-026,模拟塔伊夫授权车商01,二级展厅,丰田,58,31,13.0968,模拟
2026-05,MOCK-TA-027,模拟塔伊夫授权车商02,二级展厅,丰田,67,31,15.129,模拟
2026-05,MOCK-TA-028,模拟哈萨授权车商01,二级展厅,丰田,75,31,16.9355,模拟
2026-05,MOCK-TA-029,模拟哈萨授权车商02,二级展厅,丰田,62,31,14,模拟
2026-05,MOCK-TA-030,模拟布赖代授权车商01,二级展厅,丰田,86,31,19.4194,模拟
2026-05,MOCK-TA-030,模拟布赖代授权车商01,二级展厅,雷克萨斯,14,31,3.1613,模拟
2026-05,MOCK-TA-031,模拟布赖代授权车商02,二级展厅,丰田,83,31,18.7419,模拟
2026-05,MOCK-TA-032,模拟布赖代授权车商03,二级展厅,丰田,85,31,19.1935,模拟
2026-05,MOCK-TA-033,模拟欧奈宰授权车商01,二级展厅,丰田,60,31,13.5484,模拟
2026-05,MOCK-TA-034,模拟哈伊勒授权车商01,二级展厅,丰田,74,31,16.7097,模拟
2026-05,MOCK-TA-035,模拟哈伊勒授权车商02,二级展厅,丰田,61,31,13.7742,模拟
2026-05,MOCK-TA-036,模拟塔布克授权车商01,二级展厅,丰田,57,31,12.871,模拟
2026-05,MOCK-TA-037,模拟塔布克授权车商02,二级展厅,丰田,61,31,13.7742,模拟
2026-05,MOCK-TA-038,模拟艾卜哈授权车商01,二级展厅,丰田,64,31,14.4516,模拟
2026-05,MOCK-TA-038,模拟艾卜哈授权车商01,二级展厅,雷克萨斯,11,31,2.4839,模拟
2026-05,MOCK-TA-039,模拟艾卜哈授权车商02,二级展厅,丰田,78,31,17.6129,模拟
2026-05,MOCK-TA-040,模拟海米斯穆谢特授权车商01,二级展厅,丰田,77,31,17.3871,模拟
2026-05,MOCK-TA-041,模拟吉赞授权车商01,二级展厅,丰田,79,31,17.8387,模拟
2026-05,MOCK-TA-042,模拟吉赞授权车商02,二级展厅,丰田,82,31,18.5161,模拟
2026-05,MOCK-TA-043,模拟奈季兰授权车商01,二级展厅,丰田,57,31,12.871,模拟
2026-05,MOCK-TA-044,模拟延布授权车商01,二级展厅,丰田,78,31,17.6129,模拟
2026-05,MOCK-TA-045,模拟朱拜勒授权车商01,二级展厅,丰田,70,31,15.8065,模拟
2026-06,MOCK-TD-001,模拟ALJ直营零售主体,直营,丰田,7210,30,1682.3333,模拟
2026-06,MOCK-TD-001,模拟ALJ直营零售主体,直营,雷克萨斯,864,30,201.6,模拟
2026-06,MOCK-TA-001,模拟利雅得授权车商01,二级展厅,丰田,71,30,16.5667,模拟
2026-06,MOCK-TA-001,模拟利雅得授权车商01,二级展厅,雷克萨斯,14,30,3.2667,模拟
2026-06,MOCK-TA-002,模拟利雅得授权车商02,二级展厅,丰田,71,30,16.5667,模拟
2026-06,MOCK-TA-003,模拟利雅得授权车商03,二级展厅,丰田,74,30,17.2667,模拟
2026-06,MOCK-TA-004,模拟利雅得授权车商04,二级展厅,丰田,100,30,23.3333,模拟
2026-06,MOCK-TA-005,模拟利雅得授权车商05,二级展厅,丰田,76,30,17.7333,模拟
2026-06,MOCK-TA-006,模拟利雅得授权车商06,二级展厅,丰田,98,30,22.8667,模拟
2026-06,MOCK-TA-007,模拟利雅得授权车商07,二级展厅,丰田,79,30,18.4333,模拟
2026-06,MOCK-TA-008,模拟利雅得授权车商08,二级展厅,丰田,70,30,16.3333,模拟
2026-06,MOCK-TA-009,模拟吉达授权车商01,二级展厅,丰田,77,30,17.9667,模拟
2026-06,MOCK-TA-009,模拟吉达授权车商01,二级展厅,雷克萨斯,13,30,3.0333,模拟
2026-06,MOCK-TA-010,模拟吉达授权车商02,二级展厅,丰田,114,30,26.6,模拟
2026-06,MOCK-TA-011,模拟吉达授权车商03,二级展厅,丰田,68,30,15.8667,模拟
2026-06,MOCK-TA-012,模拟吉达授权车商04,二级展厅,丰田,81,30,18.9,模拟
2026-06,MOCK-TA-013,模拟吉达授权车商05,二级展厅,丰田,92,30,21.4667,模拟
2026-06,MOCK-TA-014,模拟吉达授权车商06,二级展厅,丰田,68,30,15.8667,模拟
2026-06,MOCK-TA-015,模拟达曼授权车商01,二级展厅,丰田,60,30,14,模拟
2026-06,MOCK-TA-015,模拟达曼授权车商01,二级展厅,雷克萨斯,12,30,2.8,模拟
2026-06,MOCK-TA-016,模拟达曼授权车商02,二级展厅,丰田,72,30,16.8,模拟
2026-06,MOCK-TA-017,模拟达曼授权车商03,二级展厅,丰田,78,30,18.2,模拟
2026-06,MOCK-TA-018,模拟达曼授权车商04,二级展厅,丰田,74,30,17.2667,模拟
2026-06,MOCK-TA-019,模拟胡拜尔授权车商01,二级展厅,丰田,78,30,18.2,模拟
2026-06,MOCK-TA-019,模拟胡拜尔授权车商01,二级展厅,雷克萨斯,13,30,3.0333,模拟
2026-06,MOCK-TA-020,模拟胡拜尔授权车商02,二级展厅,丰田,77,30,17.9667,模拟
2026-06,MOCK-TA-021,模拟麦加授权车商01,二级展厅,丰田,71,30,16.5667,模拟
2026-06,MOCK-TA-021,模拟麦加授权车商01,二级展厅,雷克萨斯,11,30,2.5667,模拟
2026-06,MOCK-TA-022,模拟麦加授权车商02,二级展厅,丰田,74,30,17.2667,模拟
2026-06,MOCK-TA-023,模拟麦加授权车商03,二级展厅,丰田,66,30,15.4,模拟
2026-06,MOCK-TA-024,模拟麦地那授权车商01,二级展厅,丰田,65,30,15.1667,模拟
2026-06,MOCK-TA-024,模拟麦地那授权车商01,二级展厅,雷克萨斯,10,30,2.3333,模拟
2026-06,MOCK-TA-025,模拟麦地那授权车商02,二级展厅,丰田,74,30,17.2667,模拟
2026-06,MOCK-TA-026,模拟塔伊夫授权车商01,二级展厅,丰田,53,30,12.3667,模拟
2026-06,MOCK-TA-027,模拟塔伊夫授权车商02,二级展厅,丰田,62,30,14.4667,模拟
2026-06,MOCK-TA-028,模拟哈萨授权车商01,二级展厅,丰田,60,30,14,模拟
2026-06,MOCK-TA-029,模拟哈萨授权车商02,二级展厅,丰田,57,30,13.3,模拟
2026-06,MOCK-TA-030,模拟布赖代授权车商01,二级展厅,丰田,77,30,17.9667,模拟
2026-06,MOCK-TA-030,模拟布赖代授权车商01,二级展厅,雷克萨斯,12,30,2.8,模拟
2026-06,MOCK-TA-031,模拟布赖代授权车商02,二级展厅,丰田,72,30,16.8,模拟
2026-06,MOCK-TA-032,模拟布赖代授权车商03,二级展厅,丰田,67,30,15.6333,模拟
2026-06,MOCK-TA-033,模拟欧奈宰授权车商01,二级展厅,丰田,47,30,10.9667,模拟
2026-06,MOCK-TA-034,模拟哈伊勒授权车商01,二级展厅,丰田,57,30,13.3,模拟
2026-06,MOCK-TA-035,模拟哈伊勒授权车商02,二级展厅,丰田,43,30,10.0333,模拟
2026-06,MOCK-TA-036,模拟塔布克授权车商01,二级展厅,丰田,48,30,11.2,模拟
2026-06,MOCK-TA-037,模拟塔布克授权车商02,二级展厅,丰田,47,30,10.9667,模拟
2026-06,MOCK-TA-038,模拟艾卜哈授权车商01,二级展厅,丰田,51,30,11.9,模拟
2026-06,MOCK-TA-038,模拟艾卜哈授权车商01,二级展厅,雷克萨斯,11,30,2.5667,模拟
2026-06,MOCK-TA-039,模拟艾卜哈授权车商02,二级展厅,丰田,64,30,14.9333,模拟
2026-06,MOCK-TA-040,模拟海米斯穆谢特授权车商01,二级展厅,丰田,61,30,14.2333,模拟
2026-06,MOCK-TA-041,模拟吉赞授权车商01,二级展厅,丰田,72,30,16.8,模拟
2026-06,MOCK-TA-042,模拟吉赞授权车商02,二级展厅,丰田,59,30,13.7667,模拟
2026-06,MOCK-TA-043,模拟奈季兰授权车商01,二级展厅,丰田,50,30,11.6667,模拟
2026-06,MOCK-TA-044,模拟延布授权车商01,二级展厅,丰田,60,30,14,模拟
2026-06,MOCK-TA-045,模拟朱拜勒授权车商01,二级展厅,丰田,55,30,12.8333,模拟
2026-07,MOCK-TD-001,模拟ALJ直营零售主体,直营,丰田,5559,31,1255.2581,模拟
2026-07,MOCK-TD-001,模拟ALJ直营零售主体,直营,雷克萨斯,864,31,195.0968,模拟
2026-07,MOCK-TA-001,模拟利雅得授权车商01,二级展厅,丰田,66,31,14.9032,模拟
2026-07,MOCK-TA-001,模拟利雅得授权车商01,二级展厅,雷克萨斯,15,31,3.3871,模拟
2026-07,MOCK-TA-002,模拟利雅得授权车商02,二级展厅,丰田,59,31,13.3226,模拟
2026-07,MOCK-TA-003,模拟利雅得授权车商03,二级展厅,丰田,56,31,12.6452,模拟
2026-07,MOCK-TA-004,模拟利雅得授权车商04,二级展厅,丰田,79,31,17.8387,模拟
2026-07,MOCK-TA-005,模拟利雅得授权车商05,二级展厅,丰田,61,31,13.7742,模拟
2026-07,MOCK-TA-006,模拟利雅得授权车商06,二级展厅,丰田,64,31,14.4516,模拟
2026-07,MOCK-TA-007,模拟利雅得授权车商07,二级展厅,丰田,53,31,11.9677,模拟
2026-07,MOCK-TA-008,模拟利雅得授权车商08,二级展厅,丰田,52,31,11.7419,模拟
2026-07,MOCK-TA-009,模拟吉达授权车商01,二级展厅,丰田,65,31,14.6774,模拟
2026-07,MOCK-TA-009,模拟吉达授权车商01,二级展厅,雷克萨斯,14,31,3.1613,模拟
2026-07,MOCK-TA-010,模拟吉达授权车商02,二级展厅,丰田,85,31,19.1935,模拟
2026-07,MOCK-TA-011,模拟吉达授权车商03,二级展厅,丰田,49,31,11.0645,模拟
2026-07,MOCK-TA-012,模拟吉达授权车商04,二级展厅,丰田,72,31,16.2581,模拟
2026-07,MOCK-TA-013,模拟吉达授权车商05,二级展厅,丰田,68,31,15.3548,模拟
2026-07,MOCK-TA-014,模拟吉达授权车商06,二级展厅,丰田,52,31,11.7419,模拟
2026-07,MOCK-TA-015,模拟达曼授权车商01,二级展厅,丰田,56,31,12.6452,模拟
2026-07,MOCK-TA-015,模拟达曼授权车商01,二级展厅,雷克萨斯,11,31,2.4839,模拟
2026-07,MOCK-TA-016,模拟达曼授权车商02,二级展厅,丰田,45,31,10.1613,模拟
2026-07,MOCK-TA-017,模拟达曼授权车商03,二级展厅,丰田,56,31,12.6452,模拟
2026-07,MOCK-TA-018,模拟达曼授权车商04,二级展厅,丰田,65,31,14.6774,模拟
2026-07,MOCK-TA-019,模拟胡拜尔授权车商01,二级展厅,丰田,61,31,13.7742,模拟
2026-07,MOCK-TA-019,模拟胡拜尔授权车商01,二级展厅,雷克萨斯,13,31,2.9355,模拟
2026-07,MOCK-TA-020,模拟胡拜尔授权车商02,二级展厅,丰田,58,31,13.0968,模拟
2026-07,MOCK-TA-021,模拟麦加授权车商01,二级展厅,丰田,47,31,10.6129,模拟
2026-07,MOCK-TA-021,模拟麦加授权车商01,二级展厅,雷克萨斯,10,31,2.2581,模拟
2026-07,MOCK-TA-022,模拟麦加授权车商02,二级展厅,丰田,60,31,13.5484,模拟
2026-07,MOCK-TA-023,模拟麦加授权车商03,二级展厅,丰田,47,31,10.6129,模拟
2026-07,MOCK-TA-024,模拟麦地那授权车商01,二级展厅,丰田,45,31,10.1613,模拟
2026-07,MOCK-TA-024,模拟麦地那授权车商01,二级展厅,雷克萨斯,10,31,2.2581,模拟
2026-07,MOCK-TA-025,模拟麦地那授权车商02,二级展厅,丰田,59,31,13.3226,模拟
2026-07,MOCK-TA-026,模拟塔伊夫授权车商01,二级展厅,丰田,37,31,8.3548,模拟
2026-07,MOCK-TA-027,模拟塔伊夫授权车商02,二级展厅,丰田,50,31,11.2903,模拟
2026-07,MOCK-TA-028,模拟哈萨授权车商01,二级展厅,丰田,47,31,10.6129,模拟
2026-07,MOCK-TA-029,模拟哈萨授权车商02,二级展厅,丰田,41,31,9.2581,模拟
2026-07,MOCK-TA-030,模拟布赖代授权车商01,二级展厅,丰田,59,31,13.3226,模拟
2026-07,MOCK-TA-030,模拟布赖代授权车商01,二级展厅,雷克萨斯,14,31,3.1613,模拟
2026-07,MOCK-TA-031,模拟布赖代授权车商02,二级展厅,丰田,48,31,10.8387,模拟
2026-07,MOCK-TA-032,模拟布赖代授权车商03,二级展厅,丰田,54,31,12.1935,模拟
2026-07,MOCK-TA-033,模拟欧奈宰授权车商01,二级展厅,丰田,43,31,9.7097,模拟
2026-07,MOCK-TA-034,模拟哈伊勒授权车商01,二级展厅,丰田,46,31,10.3871,模拟
2026-07,MOCK-TA-035,模拟哈伊勒授权车商02,二级展厅,丰田,37,31,8.3548,模拟
2026-07,MOCK-TA-036,模拟塔布克授权车商01,二级展厅,丰田,32,31,7.2258,模拟
2026-07,MOCK-TA-037,模拟塔布克授权车商02,二级展厅,丰田,38,31,8.5806,模拟
2026-07,MOCK-TA-038,模拟艾卜哈授权车商01,二级展厅,丰田,38,31,8.5806,模拟
2026-07,MOCK-TA-038,模拟艾卜哈授权车商01,二级展厅,雷克萨斯,9,31,2.0323,模拟
2026-07,MOCK-TA-039,模拟艾卜哈授权车商02,二级展厅,丰田,51,31,11.5161,模拟
2026-07,MOCK-TA-040,模拟海米斯穆谢特授权车商01,二级展厅,丰田,50,31,11.2903,模拟
2026-07,MOCK-TA-041,模拟吉赞授权车商01,二级展厅,丰田,50,31,11.2903,模拟
2026-07,MOCK-TA-042,模拟吉赞授权车商02,二级展厅,丰田,52,31,11.7419,模拟
2026-07,MOCK-TA-043,模拟奈季兰授权车商01,二级展厅,丰田,39,31,8.8065,模拟
2026-07,MOCK-TA-044,模拟延布授权车商01,二级展厅,丰田,48,31,10.8387,模拟
2026-07,MOCK-TA-045,模拟朱拜勒授权车商01,二级展厅,丰田,42,31,9.4839,模拟
