交易身份编码,门店编码,门店名称,客户类型,城市编码,品牌,统计起始日,统计截止日,统计天数,统计销量(台),销速计算口径,原始上报粒度,平均月销量(台),平均周销量(台),参考月销量_按30天折算(台),库存模拟日期,统计截止至快照间隔(天),数据性质
MOCK-TD-001,MOCK-D-001,模拟直营·利雅得·01店,直营,RUH,丰田,2026-06-01,2026-07-26,56,548,最近8个完整自然周平均,周,,68.5,293.5714,2026-09-29,65,模拟
MOCK-TD-001,MOCK-D-001,模拟直营·利雅得·01店,直营,RUH,雷克萨斯,2026-06-01,2026-07-26,56,173,最近8个完整自然周平均,周,,21.625,92.6786,2026-09-29,65,模拟
MOCK-TD-001,MOCK-D-002,模拟直营·利雅得·02店,直营,RUH,丰田,2026-06-01,2026-07-26,56,376,最近8个完整自然周平均,周,,47,201.4286,2026-09-29,65,模拟
MOCK-TD-001,MOCK-D-002,模拟直营·利雅得·02店,直营,RUH,雷克萨斯,2026-06-01,2026-07-26,56,116,最近8个完整自然周平均,周,,14.5,62.1429,2026-09-29,65,模拟
MOCK-TD-001,MOCK-D-003,模拟直营·利雅得·03店,直营,RUH,丰田,2026-06-01,2026-07-26,56,389,最近8个完整自然周平均,周,,48.625,208.3929,2026-09-29,65,模拟
MOCK-TD-001,MOCK-D-003,模拟直营·利雅得·03店,直营,RUH,雷克萨斯,2026-06-01,2026-07-26,56,142,最近8个完整自然周平均,周,,17.75,76.0714,2026-09-29,65,模拟
MOCK-TD-001,MOCK-D-004,模拟直营·利雅得·04店,直营,RUH,丰田,2026-06-01,2026-07-26,56,413,最近8个完整自然周平均,周,,51.625,221.25,2026-09-29,65,模拟
MOCK-TD-001,MOCK-D-005,模拟直营·利雅得·05店,直营,RUH,丰田,2026-06-01,2026-07-26,56,377,最近8个完整自然周平均,周,,47.125,201.9643,2026-09-29,65,模拟
MOCK-TD-001,MOCK-D-006,模拟直营·利雅得·06店,直营,RUH,丰田,2026-06-01,2026-07-26,56,312,最近8个完整自然周平均,周,,39,167.1429,2026-09-29,65,模拟
MOCK-TA-001,MOCK-L2-001,模拟二级展厅·利雅得·01店,二级展厅,RUH,丰田,2026-05-01,2026-07-31,92,223,最近3个完整月按实际天数折周,月,74.3333,16.9674,72.7174,2026-09-29,60,模拟
MOCK-TA-001,MOCK-L2-001,模拟二级展厅·利雅得·01店,二级展厅,RUH,雷克萨斯,2026-05-01,2026-07-31,92,42,最近3个完整月按实际天数折周,月,14,3.1957,13.6957,2026-09-29,60,模拟
MOCK-TA-002,MOCK-L2-002,模拟二级展厅·利雅得·02店,二级展厅,RUH,丰田,2026-05-01,2026-07-31,92,218,最近3个完整月按实际天数折周,月,72.6667,16.587,71.087,2026-09-29,60,模拟
MOCK-TA-003,MOCK-L2-003,模拟二级展厅·利雅得·03店,二级展厅,RUH,丰田,2026-05-01,2026-07-31,92,226,最近3个完整月按实际天数折周,月,75.3333,17.1957,73.6957,2026-09-29,60,模拟
MOCK-TA-004,MOCK-L2-004,模拟二级展厅·利雅得·04店,二级展厅,RUH,丰田,2026-05-01,2026-07-31,92,287,最近3个完整月按实际天数折周,月,95.6667,21.837,93.587,2026-09-29,60,模拟
MOCK-TA-005,MOCK-L2-005,模拟二级展厅·利雅得·05店,二级展厅,RUH,丰田,2026-05-01,2026-07-31,92,213,最近3个完整月按实际天数折周,月,71,16.2065,69.4565,2026-09-29,60,模拟
MOCK-TA-006,MOCK-L2-006,模拟二级展厅·利雅得·06店,二级展厅,RUH,丰田,2026-05-01,2026-07-31,92,265,最近3个完整月按实际天数折周,月,88.3333,20.163,86.413,2026-09-29,60,模拟
MOCK-TA-007,MOCK-L2-007,模拟二级展厅·利雅得·07店,二级展厅,RUH,丰田,2026-05-01,2026-07-31,92,218,最近3个完整月按实际天数折周,月,72.6667,16.587,71.087,2026-09-29,60,模拟
MOCK-TA-008,MOCK-L2-008,模拟二级展厅·利雅得·08店,二级展厅,RUH,丰田,2026-05-01,2026-07-31,92,218,最近3个完整月按实际天数折周,月,72.6667,16.587,71.087,2026-09-29,60,模拟
MOCK-TD-001,MOCK-D-007,模拟直营·吉达·01店,直营,JED,丰田,2026-06-01,2026-07-26,56,418,最近8个完整自然周平均,周,,52.25,223.9286,2026-09-29,65,模拟
MOCK-TD-001,MOCK-D-007,模拟直营·吉达·01店,直营,JED,雷克萨斯,2026-06-01,2026-07-26,56,147,最近8个完整自然周平均,周,,18.375,78.75,2026-09-29,65,模拟
MOCK-TD-001,MOCK-D-008,模拟直营·吉达·02店,直营,JED,丰田,2026-06-01,2026-07-26,56,493,最近8个完整自然周平均,周,,61.625,264.1071,2026-09-29,65,模拟
MOCK-TD-001,MOCK-D-008,模拟直营·吉达·02店,直营,JED,雷克萨斯,2026-06-01,2026-07-26,56,160,最近8个完整自然周平均,周,,20,85.7143,2026-09-29,65,模拟
MOCK-TD-001,MOCK-D-009,模拟直营·吉达·03店,直营,JED,丰田,2026-06-01,2026-07-26,56,446,最近8个完整自然周平均,周,,55.75,238.9286,2026-09-29,65,模拟
MOCK-TD-001,MOCK-D-009,模拟直营·吉达·03店,直营,JED,雷克萨斯,2026-06-01,2026-07-26,56,144,最近8个完整自然周平均,周,,18,77.1429,2026-09-29,65,模拟
MOCK-TD-001,MOCK-D-010,模拟直营·吉达·04店,直营,JED,丰田,2026-06-01,2026-07-26,56,445,最近8个完整自然周平均,周,,55.625,238.3929,2026-09-29,65,模拟
MOCK-TD-001,MOCK-D-011,模拟直营·吉达·05店,直营,JED,丰田,2026-06-01,2026-07-26,56,342,最近8个完整自然周平均,周,,42.75,183.2143,2026-09-29,65,模拟
MOCK-TA-009,MOCK-L2-009,模拟二级展厅·吉达·01店,二级展厅,JED,丰田,2026-05-01,2026-07-31,92,242,最近3个完整月按实际天数折周,月,80.6667,18.413,78.913,2026-09-29,60,模拟
MOCK-TA-009,MOCK-L2-009,模拟二级展厅·吉达·01店,二级展厅,JED,雷克萨斯,2026-05-01,2026-07-31,92,39,最近3个完整月按实际天数折周,月,13,2.9674,12.7174,2026-09-29,60,模拟
MOCK-TA-010,MOCK-L2-010,模拟二级展厅·吉达·02店,二级展厅,JED,丰田,2026-05-01,2026-07-31,92,328,最近3个完整月按实际天数折周,月,109.3333,24.9565,106.9565,2026-09-29,60,模拟
MOCK-TA-011,MOCK-L2-011,模拟二级展厅·吉达·03店,二级展厅,JED,丰田,2026-05-01,2026-07-31,92,199,最近3个完整月按实际天数折周,月,66.3333,15.1413,64.8913,2026-09-29,60,模拟
MOCK-TA-012,MOCK-L2-012,模拟二级展厅·吉达·04店,二级展厅,JED,丰田,2026-05-01,2026-07-31,92,253,最近3个完整月按实际天数折周,月,84.3333,19.25,82.5,2026-09-29,60,模拟
MOCK-TA-013,MOCK-L2-013,模拟二级展厅·吉达·05店,二级展厅,JED,丰田,2026-05-01,2026-07-31,92,273,最近3个完整月按实际天数折周,月,91,20.7717,89.0217,2026-09-29,60,模拟
MOCK-TA-014,MOCK-L2-014,模拟二级展厅·吉达·06店,二级展厅,JED,丰田,2026-05-01,2026-07-31,92,203,最近3个完整月按实际天数折周,月,67.6667,15.4457,66.1957,2026-09-29,60,模拟
MOCK-TD-001,MOCK-D-012,模拟直营·达曼·01店,直营,DMM,丰田,2026-06-01,2026-07-26,56,348,最近8个完整自然周平均,周,,43.5,186.4286,2026-09-29,65,模拟
MOCK-TD-001,MOCK-D-012,模拟直营·达曼·01店,直营,DMM,雷克萨斯,2026-06-01,2026-07-26,56,135,最近8个完整自然周平均,周,,16.875,72.3214,2026-09-29,65,模拟
MOCK-TD-001,MOCK-D-013,模拟直营·达曼·02店,直营,DMM,丰田,2026-06-01,2026-07-26,56,393,最近8个完整自然周平均,周,,49.125,210.5357,2026-09-29,65,模拟
MOCK-TD-001,MOCK-D-014,模拟直营·达曼·03店,直营,DMM,丰田,2026-06-01,2026-07-26,56,354,最近8个完整自然周平均,周,,44.25,189.6429,2026-09-29,65,模拟
MOCK-TA-015,MOCK-L2-015,模拟二级展厅·达曼·01店,二级展厅,DMM,丰田,2026-05-01,2026-07-31,92,199,最近3个完整月按实际天数折周,月,66.3333,15.1413,64.8913,2026-09-29,60,模拟
MOCK-TA-015,MOCK-L2-015,模拟二级展厅·达曼·01店,二级展厅,DMM,雷克萨斯,2026-05-01,2026-07-31,92,34,最近3个完整月按实际天数折周,月,11.3333,2.587,11.087,2026-09-29,60,模拟
MOCK-TA-016,MOCK-L2-016,模拟二级展厅·达曼·02店,二级展厅,DMM,丰田,2026-05-01,2026-07-31,92,190,最近3个完整月按实际天数折周,月,63.3333,14.4565,61.9565,2026-09-29,60,模拟
MOCK-TA-017,MOCK-L2-017,模拟二级展厅·达曼·03店,二级展厅,DMM,丰田,2026-05-01,2026-07-31,92,231,最近3个完整月按实际天数折周,月,77,17.5761,75.3261,2026-09-29,60,模拟
MOCK-TA-018,MOCK-L2-018,模拟二级展厅·达曼·04店,二级展厅,DMM,丰田,2026-05-01,2026-07-31,92,235,最近3个完整月按实际天数折周,月,78.3333,17.8804,76.6304,2026-09-29,60,模拟
MOCK-TD-001,MOCK-D-015,模拟直营·胡拜尔·01店,直营,KHO,丰田,2026-06-01,2026-07-26,56,417,最近8个完整自然周平均,周,,52.125,223.3929,2026-09-29,65,模拟
MOCK-TD-001,MOCK-D-015,模拟直营·胡拜尔·01店,直营,KHO,雷克萨斯,2026-06-01,2026-07-26,56,142,最近8个完整自然周平均,周,,17.75,76.0714,2026-09-29,65,模拟
MOCK-TD-001,MOCK-D-016,模拟直营·胡拜尔·02店,直营,KHO,丰田,2026-06-01,2026-07-26,56,345,最近8个完整自然周平均,周,,43.125,184.8214,2026-09-29,65,模拟
MOCK-TA-019,MOCK-L2-019,模拟二级展厅·胡拜尔·01店,二级展厅,KHO,丰田,2026-05-01,2026-07-31,92,227,最近3个完整月按实际天数折周,月,75.6667,17.2717,74.0217,2026-09-29,60,模拟
MOCK-TA-019,MOCK-L2-019,模拟二级展厅·胡拜尔·01店,二级展厅,KHO,雷克萨斯,2026-05-01,2026-07-31,92,39,最近3个完整月按实际天数折周,月,13,2.9674,12.7174,2026-09-29,60,模拟
MOCK-TA-020,MOCK-L2-020,模拟二级展厅·胡拜尔·02店,二级展厅,KHO,丰田,2026-05-01,2026-07-31,92,227,最近3个完整月按实际天数折周,月,75.6667,17.2717,74.0217,2026-09-29,60,模拟
MOCK-TD-001,MOCK-D-017,模拟直营·麦加·01店,直营,MAK,丰田,2026-06-01,2026-07-26,56,327,最近8个完整自然周平均,周,,40.875,175.1786,2026-09-29,65,模拟
MOCK-TD-001,MOCK-D-017,模拟直营·麦加·01店,直营,MAK,雷克萨斯,2026-06-01,2026-07-26,56,105,最近8个完整自然周平均,周,,13.125,56.25,2026-09-29,65,模拟
MOCK-TD-001,MOCK-D-018,模拟直营·麦加·02店,直营,MAK,丰田,2026-06-01,2026-07-26,56,309,最近8个完整自然周平均,周,,38.625,165.5357,2026-09-29,65,模拟
MOCK-TA-021,MOCK-L2-021,模拟二级展厅·麦加·01店,二级展厅,MAK,丰田,2026-05-01,2026-07-31,92,196,最近3个完整月按实际天数折周,月,65.3333,14.913,63.913,2026-09-29,60,模拟
MOCK-TA-021,MOCK-L2-021,模拟二级展厅·麦加·01店,二级展厅,MAK,雷克萨斯,2026-05-01,2026-07-31,92,32,最近3个完整月按实际天数折周,月,10.6667,2.4348,10.4348,2026-09-29,60,模拟
MOCK-TA-022,MOCK-L2-022,模拟二级展厅·麦加·02店,二级展厅,MAK,丰田,2026-05-01,2026-07-31,92,213,最近3个完整月按实际天数折周,月,71,16.2065,69.4565,2026-09-29,60,模拟
MOCK-TA-023,MOCK-L2-023,模拟二级展厅·麦加·03店,二级展厅,MAK,丰田,2026-05-01,2026-07-31,92,201,最近3个完整月按实际天数折周,月,67,15.2935,65.5435,2026-09-29,60,模拟
MOCK-TD-001,MOCK-D-019,模拟直营·麦地那·01店,直营,MED,丰田,2026-06-01,2026-07-26,56,408,最近8个完整自然周平均,周,,51,218.5714,2026-09-29,65,模拟
MOCK-TD-001,MOCK-D-019,模拟直营·麦地那·01店,直营,MED,雷克萨斯,2026-06-01,2026-07-26,56,123,最近8个完整自然周平均,周,,15.375,65.8929,2026-09-29,65,模拟
MOCK-TD-001,MOCK-D-020,模拟直营·麦地那·02店,直营,MED,丰田,2026-06-01,2026-07-26,56,366,最近8个完整自然周平均,周,,45.75,196.0714,2026-09-29,65,模拟
MOCK-TA-024,MOCK-L2-024,模拟二级展厅·麦地那·01店,二级展厅,MED,丰田,2026-05-01,2026-07-31,92,176,最近3个完整月按实际天数折周,月,58.6667,13.3913,57.3913,2026-09-29,60,模拟
MOCK-TA-024,MOCK-L2-024,模拟二级展厅·麦地那·01店,二级展厅,MED,雷克萨斯,2026-05-01,2026-07-31,92,31,最近3个完整月按实际天数折周,月,10.3333,2.3587,10.1087,2026-09-29,60,模拟
MOCK-TA-025,MOCK-L2-025,模拟二级展厅·麦地那·02店,二级展厅,MED,丰田,2026-05-01,2026-07-31,92,219,最近3个完整月按实际天数折周,月,73,16.663,71.413,2026-09-29,60,模拟
MOCK-TD-001,MOCK-D-021,模拟直营·塔伊夫·01店,直营,TAI,丰田,2026-06-01,2026-07-26,56,304,最近8个完整自然周平均,周,,38,162.8571,2026-09-29,65,模拟
MOCK-TA-026,MOCK-L2-026,模拟二级展厅·塔伊夫·01店,二级展厅,TAI,丰田,2026-05-01,2026-07-31,92,148,最近3个完整月按实际天数折周,月,49.3333,11.2609,48.2609,2026-09-29,60,模拟
MOCK-TA-027,MOCK-L2-027,模拟二级展厅·塔伊夫·02店,二级展厅,TAI,丰田,2026-05-01,2026-07-31,92,179,最近3个完整月按实际天数折周,月,59.6667,13.6196,58.3696,2026-09-29,60,模拟
MOCK-TD-001,MOCK-D-022,模拟直营·哈萨·01店,直营,HOF,丰田,2026-06-01,2026-07-26,56,366,最近8个完整自然周平均,周,,45.75,196.0714,2026-09-29,65,模拟
MOCK-TA-028,MOCK-L2-028,模拟二级展厅·哈萨·01店,二级展厅,HOF,丰田,2026-05-01,2026-07-31,92,182,最近3个完整月按实际天数折周,月,60.6667,13.8478,59.3478,2026-09-29,60,模拟
MOCK-TA-029,MOCK-L2-029,模拟二级展厅·哈萨·02店,二级展厅,HOF,丰田,2026-05-01,2026-07-31,92,160,最近3个完整月按实际天数折周,月,53.3333,12.1739,52.1739,2026-09-29,60,模拟
MOCK-TD-001,MOCK-D-023,模拟直营·布赖代·01店,直营,BUR,丰田,2026-06-01,2026-07-26,56,239,最近8个完整自然周平均,周,,29.875,128.0357,2026-09-29,65,模拟
MOCK-TD-001,MOCK-D-023,模拟直营·布赖代·01店,直营,BUR,雷克萨斯,2026-06-01,2026-07-26,56,84,最近8个完整自然周平均,周,,10.5,45,2026-09-29,65,模拟
MOCK-TD-001,MOCK-D-024,模拟直营·布赖代·02店,直营,BUR,丰田,2026-06-01,2026-07-26,56,321,最近8个完整自然周平均,周,,40.125,171.9643,2026-09-29,65,模拟
MOCK-TA-030,MOCK-L2-030,模拟二级展厅·布赖代·01店,二级展厅,BUR,丰田,2026-05-01,2026-07-31,92,222,最近3个完整月按实际天数折周,月,74,16.8913,72.3913,2026-09-29,60,模拟
MOCK-TA-030,MOCK-L2-030,模拟二级展厅·布赖代·01店,二级展厅,BUR,雷克萨斯,2026-05-01,2026-07-31,92,40,最近3个完整月按实际天数折周,月,13.3333,3.0435,13.0435,2026-09-29,60,模拟
MOCK-TA-031,MOCK-L2-031,模拟二级展厅·布赖代·02店,二级展厅,BUR,丰田,2026-05-01,2026-07-31,92,203,最近3个完整月按实际天数折周,月,67.6667,15.4457,66.1957,2026-09-29,60,模拟
MOCK-TA-032,MOCK-L2-032,模拟二级展厅·布赖代·03店,二级展厅,BUR,丰田,2026-05-01,2026-07-31,92,206,最近3个完整月按实际天数折周,月,68.6667,15.6739,67.1739,2026-09-29,60,模拟
MOCK-TD-001,MOCK-D-025,模拟直营·欧奈宰·01店,直营,UNA,丰田,2026-06-01,2026-07-26,56,251,最近8个完整自然周平均,周,,31.375,134.4643,2026-09-29,65,模拟
MOCK-TA-033,MOCK-L2-033,模拟二级展厅·欧奈宰·01店,二级展厅,UNA,丰田,2026-05-01,2026-07-31,92,150,最近3个完整月按实际天数折周,月,50,11.413,48.913,2026-09-29,60,模拟
MOCK-TD-001,MOCK-D-026,模拟直营·哈伊勒·01店,直营,HAI,丰田,2026-06-01,2026-07-26,56,310,最近8个完整自然周平均,周,,38.75,166.0714,2026-09-29,65,模拟
MOCK-TA-034,MOCK-L2-034,模拟二级展厅·哈伊勒·01店,二级展厅,HAI,丰田,2026-05-01,2026-07-31,92,177,最近3个完整月按实际天数折周,月,59,13.4674,57.7174,2026-09-29,60,模拟
MOCK-TA-035,MOCK-L2-035,模拟二级展厅·哈伊勒·02店,二级展厅,HAI,丰田,2026-05-01,2026-07-31,92,141,最近3个完整月按实际天数折周,月,47,10.7283,45.9783,2026-09-29,60,模拟
MOCK-TD-001,MOCK-D-027,模拟直营·塔布克·01店,直营,TAB,丰田,2026-06-01,2026-07-26,56,337,最近8个完整自然周平均,周,,42.125,180.5357,2026-09-29,65,模拟
MOCK-TA-036,MOCK-L2-036,模拟二级展厅·塔布克·01店,二级展厅,TAB,丰田,2026-05-01,2026-07-31,92,137,最近3个完整月按实际天数折周,月,45.6667,10.4239,44.6739,2026-09-29,60,模拟
MOCK-TA-037,MOCK-L2-037,模拟二级展厅·塔布克·02店,二级展厅,TAB,丰田,2026-05-01,2026-07-31,92,146,最近3个完整月按实际天数折周,月,48.6667,11.1087,47.6087,2026-09-29,60,模拟
MOCK-TD-001,MOCK-D-028,模拟直营·艾卜哈·01店,直营,ABH,丰田,2026-06-01,2026-07-26,56,385,最近8个完整自然周平均,周,,48.125,206.25,2026-09-29,65,模拟
MOCK-TD-001,MOCK-D-028,模拟直营·艾卜哈·01店,直营,ABH,雷克萨斯,2026-06-01,2026-07-26,56,120,最近8个完整自然周平均,周,,15,64.2857,2026-09-29,65,模拟
MOCK-TD-001,MOCK-D-029,模拟直营·艾卜哈·02店,直营,ABH,丰田,2026-06-01,2026-07-26,56,305,最近8个完整自然周平均,周,,38.125,163.3929,2026-09-29,65,模拟
MOCK-TA-038,MOCK-L2-038,模拟二级展厅·艾卜哈·01店,二级展厅,ABH,丰田,2026-05-01,2026-07-31,92,153,最近3个完整月按实际天数折周,月,51,11.6413,49.8913,2026-09-29,60,模拟
MOCK-TA-038,MOCK-L2-038,模拟二级展厅·艾卜哈·01店,二级展厅,ABH,雷克萨斯,2026-05-01,2026-07-31,92,31,最近3个完整月按实际天数折周,月,10.3333,2.3587,10.1087,2026-09-29,60,模拟
MOCK-TA-039,MOCK-L2-039,模拟二级展厅·艾卜哈·02店,二级展厅,ABH,丰田,2026-05-01,2026-07-31,92,193,最近3个完整月按实际天数折周,月,64.3333,14.6848,62.9348,2026-09-29,60,模拟
MOCK-TD-001,MOCK-D-030,模拟直营·海米斯穆谢特·01店,直营,KHM,丰田,2026-06-01,2026-07-26,56,237,最近8个完整自然周平均,周,,29.625,126.9643,2026-09-29,65,模拟
MOCK-TA-040,MOCK-L2-040,模拟二级展厅·海米斯穆谢特·01店,二级展厅,KHM,丰田,2026-05-01,2026-07-31,92,188,最近3个完整月按实际天数折周,月,62.6667,14.3043,61.3043,2026-09-29,60,模拟
MOCK-TD-001,MOCK-D-031,模拟直营·吉赞·01店,直营,JAZ,丰田,2026-06-01,2026-07-26,56,219,最近8个完整自然周平均,周,,27.375,117.3214,2026-09-29,65,模拟
MOCK-TA-041,MOCK-L2-041,模拟二级展厅·吉赞·01店,二级展厅,JAZ,丰田,2026-05-01,2026-07-31,92,201,最近3个完整月按实际天数折周,月,67,15.2935,65.5435,2026-09-29,60,模拟
MOCK-TA-042,MOCK-L2-042,模拟二级展厅·吉赞·02店,二级展厅,JAZ,丰田,2026-05-01,2026-07-31,92,193,最近3个完整月按实际天数折周,月,64.3333,14.6848,62.9348,2026-09-29,60,模拟
MOCK-TD-001,MOCK-D-032,模拟直营·奈季兰·01店,直营,NAJ,丰田,2026-06-01,2026-07-26,56,258,最近8个完整自然周平均,周,,32.25,138.2143,2026-09-29,65,模拟
MOCK-TA-043,MOCK-L2-043,模拟二级展厅·奈季兰·01店,二级展厅,NAJ,丰田,2026-05-01,2026-07-31,92,146,最近3个完整月按实际天数折周,月,48.6667,11.1087,47.6087,2026-09-29,60,模拟
MOCK-TD-001,MOCK-D-033,模拟直营·延布·01店,直营,YAN,丰田,2026-06-01,2026-07-26,56,234,最近8个完整自然周平均,周,,29.25,125.3571,2026-09-29,65,模拟
MOCK-TA-044,MOCK-L2-044,模拟二级展厅·延布·01店,二级展厅,YAN,丰田,2026-05-01,2026-07-31,92,186,最近3个完整月按实际天数折周,月,62,14.1522,60.6522,2026-09-29,60,模拟
MOCK-TD-001,MOCK-D-034,模拟直营·朱拜勒·01店,直营,JUB,丰田,2026-06-01,2026-07-26,56,306,最近8个完整自然周平均,周,,38.25,163.9286,2026-09-29,65,模拟
MOCK-TA-045,MOCK-L2-045,模拟二级展厅·朱拜勒·01店,二级展厅,JUB,丰田,2026-05-01,2026-07-31,92,167,最近3个完整月按实际天数折周,月,55.6667,12.7065,54.4565,2026-09-29,60,模拟
