交易身份编码,客户名称,客户类型,品牌,统计起始日,统计截止日,统计天数,统计销量(台),销速计算口径,原始上报粒度,平均月销量(台),平均周销量(台),参考月销量_按30天折算(台),库存模拟日期,统计截止至快照间隔(天),数据性质
MOCK-TD-001,模拟ALJ直营零售主体,直营,丰田,2026-06-01,2026-07-26,56,11898,最近8个完整自然周平均,周,,1487.25,6373.9286,2026-09-29,65,模拟
MOCK-TD-001,模拟ALJ直营零售主体,直营,雷克萨斯,2026-06-01,2026-07-26,56,1591,最近8个完整自然周平均,周,,198.875,852.3214,2026-09-29,65,模拟
MOCK-TA-001,模拟利雅得授权车商01,二级展厅,丰田,2026-05-01,2026-07-31,92,223,最近3个完整月按实际天数折周,月,74.3333,16.9674,72.7174,2026-09-29,60,模拟
MOCK-TA-001,模拟利雅得授权车商01,二级展厅,雷克萨斯,2026-05-01,2026-07-31,92,42,最近3个完整月按实际天数折周,月,14,3.1957,13.6957,2026-09-29,60,模拟
MOCK-TA-002,模拟利雅得授权车商02,二级展厅,丰田,2026-05-01,2026-07-31,92,218,最近3个完整月按实际天数折周,月,72.6667,16.587,71.087,2026-09-29,60,模拟
MOCK-TA-003,模拟利雅得授权车商03,二级展厅,丰田,2026-05-01,2026-07-31,92,226,最近3个完整月按实际天数折周,月,75.3333,17.1957,73.6957,2026-09-29,60,模拟
MOCK-TA-004,模拟利雅得授权车商04,二级展厅,丰田,2026-05-01,2026-07-31,92,287,最近3个完整月按实际天数折周,月,95.6667,21.837,93.587,2026-09-29,60,模拟
MOCK-TA-005,模拟利雅得授权车商05,二级展厅,丰田,2026-05-01,2026-07-31,92,213,最近3个完整月按实际天数折周,月,71,16.2065,69.4565,2026-09-29,60,模拟
MOCK-TA-006,模拟利雅得授权车商06,二级展厅,丰田,2026-05-01,2026-07-31,92,265,最近3个完整月按实际天数折周,月,88.3333,20.163,86.413,2026-09-29,60,模拟
MOCK-TA-007,模拟利雅得授权车商07,二级展厅,丰田,2026-05-01,2026-07-31,92,218,最近3个完整月按实际天数折周,月,72.6667,16.587,71.087,2026-09-29,60,模拟
MOCK-TA-008,模拟利雅得授权车商08,二级展厅,丰田,2026-05-01,2026-07-31,92,218,最近3个完整月按实际天数折周,月,72.6667,16.587,71.087,2026-09-29,60,模拟
MOCK-TA-009,模拟吉达授权车商01,二级展厅,丰田,2026-05-01,2026-07-31,92,242,最近3个完整月按实际天数折周,月,80.6667,18.413,78.913,2026-09-29,60,模拟
MOCK-TA-009,模拟吉达授权车商01,二级展厅,雷克萨斯,2026-05-01,2026-07-31,92,39,最近3个完整月按实际天数折周,月,13,2.9674,12.7174,2026-09-29,60,模拟
MOCK-TA-010,模拟吉达授权车商02,二级展厅,丰田,2026-05-01,2026-07-31,92,328,最近3个完整月按实际天数折周,月,109.3333,24.9565,106.9565,2026-09-29,60,模拟
MOCK-TA-011,模拟吉达授权车商03,二级展厅,丰田,2026-05-01,2026-07-31,92,199,最近3个完整月按实际天数折周,月,66.3333,15.1413,64.8913,2026-09-29,60,模拟
MOCK-TA-012,模拟吉达授权车商04,二级展厅,丰田,2026-05-01,2026-07-31,92,253,最近3个完整月按实际天数折周,月,84.3333,19.25,82.5,2026-09-29,60,模拟
MOCK-TA-013,模拟吉达授权车商05,二级展厅,丰田,2026-05-01,2026-07-31,92,273,最近3个完整月按实际天数折周,月,91,20.7717,89.0217,2026-09-29,60,模拟
MOCK-TA-014,模拟吉达授权车商06,二级展厅,丰田,2026-05-01,2026-07-31,92,203,最近3个完整月按实际天数折周,月,67.6667,15.4457,66.1957,2026-09-29,60,模拟
MOCK-TA-015,模拟达曼授权车商01,二级展厅,丰田,2026-05-01,2026-07-31,92,199,最近3个完整月按实际天数折周,月,66.3333,15.1413,64.8913,2026-09-29,60,模拟
MOCK-TA-015,模拟达曼授权车商01,二级展厅,雷克萨斯,2026-05-01,2026-07-31,92,34,最近3个完整月按实际天数折周,月,11.3333,2.587,11.087,2026-09-29,60,模拟
MOCK-TA-016,模拟达曼授权车商02,二级展厅,丰田,2026-05-01,2026-07-31,92,190,最近3个完整月按实际天数折周,月,63.3333,14.4565,61.9565,2026-09-29,60,模拟
MOCK-TA-017,模拟达曼授权车商03,二级展厅,丰田,2026-05-01,2026-07-31,92,231,最近3个完整月按实际天数折周,月,77,17.5761,75.3261,2026-09-29,60,模拟
MOCK-TA-018,模拟达曼授权车商04,二级展厅,丰田,2026-05-01,2026-07-31,92,235,最近3个完整月按实际天数折周,月,78.3333,17.8804,76.6304,2026-09-29,60,模拟
MOCK-TA-019,模拟胡拜尔授权车商01,二级展厅,丰田,2026-05-01,2026-07-31,92,227,最近3个完整月按实际天数折周,月,75.6667,17.2717,74.0217,2026-09-29,60,模拟
MOCK-TA-019,模拟胡拜尔授权车商01,二级展厅,雷克萨斯,2026-05-01,2026-07-31,92,39,最近3个完整月按实际天数折周,月,13,2.9674,12.7174,2026-09-29,60,模拟
MOCK-TA-020,模拟胡拜尔授权车商02,二级展厅,丰田,2026-05-01,2026-07-31,92,227,最近3个完整月按实际天数折周,月,75.6667,17.2717,74.0217,2026-09-29,60,模拟
MOCK-TA-021,模拟麦加授权车商01,二级展厅,丰田,2026-05-01,2026-07-31,92,196,最近3个完整月按实际天数折周,月,65.3333,14.913,63.913,2026-09-29,60,模拟
MOCK-TA-021,模拟麦加授权车商01,二级展厅,雷克萨斯,2026-05-01,2026-07-31,92,32,最近3个完整月按实际天数折周,月,10.6667,2.4348,10.4348,2026-09-29,60,模拟
MOCK-TA-022,模拟麦加授权车商02,二级展厅,丰田,2026-05-01,2026-07-31,92,213,最近3个完整月按实际天数折周,月,71,16.2065,69.4565,2026-09-29,60,模拟
MOCK-TA-023,模拟麦加授权车商03,二级展厅,丰田,2026-05-01,2026-07-31,92,201,最近3个完整月按实际天数折周,月,67,15.2935,65.5435,2026-09-29,60,模拟
MOCK-TA-024,模拟麦地那授权车商01,二级展厅,丰田,2026-05-01,2026-07-31,92,176,最近3个完整月按实际天数折周,月,58.6667,13.3913,57.3913,2026-09-29,60,模拟
MOCK-TA-024,模拟麦地那授权车商01,二级展厅,雷克萨斯,2026-05-01,2026-07-31,92,31,最近3个完整月按实际天数折周,月,10.3333,2.3587,10.1087,2026-09-29,60,模拟
MOCK-TA-025,模拟麦地那授权车商02,二级展厅,丰田,2026-05-01,2026-07-31,92,219,最近3个完整月按实际天数折周,月,73,16.663,71.413,2026-09-29,60,模拟
MOCK-TA-026,模拟塔伊夫授权车商01,二级展厅,丰田,2026-05-01,2026-07-31,92,148,最近3个完整月按实际天数折周,月,49.3333,11.2609,48.2609,2026-09-29,60,模拟
MOCK-TA-027,模拟塔伊夫授权车商02,二级展厅,丰田,2026-05-01,2026-07-31,92,179,最近3个完整月按实际天数折周,月,59.6667,13.6196,58.3696,2026-09-29,60,模拟
MOCK-TA-028,模拟哈萨授权车商01,二级展厅,丰田,2026-05-01,2026-07-31,92,182,最近3个完整月按实际天数折周,月,60.6667,13.8478,59.3478,2026-09-29,60,模拟
MOCK-TA-029,模拟哈萨授权车商02,二级展厅,丰田,2026-05-01,2026-07-31,92,160,最近3个完整月按实际天数折周,月,53.3333,12.1739,52.1739,2026-09-29,60,模拟
MOCK-TA-030,模拟布赖代授权车商01,二级展厅,丰田,2026-05-01,2026-07-31,92,222,最近3个完整月按实际天数折周,月,74,16.8913,72.3913,2026-09-29,60,模拟
MOCK-TA-030,模拟布赖代授权车商01,二级展厅,雷克萨斯,2026-05-01,2026-07-31,92,40,最近3个完整月按实际天数折周,月,13.3333,3.0435,13.0435,2026-09-29,60,模拟
MOCK-TA-031,模拟布赖代授权车商02,二级展厅,丰田,2026-05-01,2026-07-31,92,203,最近3个完整月按实际天数折周,月,67.6667,15.4457,66.1957,2026-09-29,60,模拟
MOCK-TA-032,模拟布赖代授权车商03,二级展厅,丰田,2026-05-01,2026-07-31,92,206,最近3个完整月按实际天数折周,月,68.6667,15.6739,67.1739,2026-09-29,60,模拟
MOCK-TA-033,模拟欧奈宰授权车商01,二级展厅,丰田,2026-05-01,2026-07-31,92,150,最近3个完整月按实际天数折周,月,50,11.413,48.913,2026-09-29,60,模拟
MOCK-TA-034,模拟哈伊勒授权车商01,二级展厅,丰田,2026-05-01,2026-07-31,92,177,最近3个完整月按实际天数折周,月,59,13.4674,57.7174,2026-09-29,60,模拟
MOCK-TA-035,模拟哈伊勒授权车商02,二级展厅,丰田,2026-05-01,2026-07-31,92,141,最近3个完整月按实际天数折周,月,47,10.7283,45.9783,2026-09-29,60,模拟
MOCK-TA-036,模拟塔布克授权车商01,二级展厅,丰田,2026-05-01,2026-07-31,92,137,最近3个完整月按实际天数折周,月,45.6667,10.4239,44.6739,2026-09-29,60,模拟
MOCK-TA-037,模拟塔布克授权车商02,二级展厅,丰田,2026-05-01,2026-07-31,92,146,最近3个完整月按实际天数折周,月,48.6667,11.1087,47.6087,2026-09-29,60,模拟
MOCK-TA-038,模拟艾卜哈授权车商01,二级展厅,丰田,2026-05-01,2026-07-31,92,153,最近3个完整月按实际天数折周,月,51,11.6413,49.8913,2026-09-29,60,模拟
MOCK-TA-038,模拟艾卜哈授权车商01,二级展厅,雷克萨斯,2026-05-01,2026-07-31,92,31,最近3个完整月按实际天数折周,月,10.3333,2.3587,10.1087,2026-09-29,60,模拟
MOCK-TA-039,模拟艾卜哈授权车商02,二级展厅,丰田,2026-05-01,2026-07-31,92,193,最近3个完整月按实际天数折周,月,64.3333,14.6848,62.9348,2026-09-29,60,模拟
MOCK-TA-040,模拟海米斯穆谢特授权车商01,二级展厅,丰田,2026-05-01,2026-07-31,92,188,最近3个完整月按实际天数折周,月,62.6667,14.3043,61.3043,2026-09-29,60,模拟
MOCK-TA-041,模拟吉赞授权车商01,二级展厅,丰田,2026-05-01,2026-07-31,92,201,最近3个完整月按实际天数折周,月,67,15.2935,65.5435,2026-09-29,60,模拟
MOCK-TA-042,模拟吉赞授权车商02,二级展厅,丰田,2026-05-01,2026-07-31,92,193,最近3个完整月按实际天数折周,月,64.3333,14.6848,62.9348,2026-09-29,60,模拟
MOCK-TA-043,模拟奈季兰授权车商01,二级展厅,丰田,2026-05-01,2026-07-31,92,146,最近3个完整月按实际天数折周,月,48.6667,11.1087,47.6087,2026-09-29,60,模拟
MOCK-TA-044,模拟延布授权车商01,二级展厅,丰田,2026-05-01,2026-07-31,92,186,最近3个完整月按实际天数折周,月,62,14.1522,60.6522,2026-09-29,60,模拟
MOCK-TA-045,模拟朱拜勒授权车商01,二级展厅,丰田,2026-05-01,2026-07-31,92,167,最近3个完整月按实际天数折周,月,55.6667,12.7065,54.4565,2026-09-29,60,模拟
