场景编码,场景名称,运力周开始,运力周结束,路线编码,始发节点编码,状态,分配运输车辆数(辆),每车周最多车次,计划周车次,每车次装载量(台),运力可用率,理论周运量(台),有效周运力(台),参考周运输需求(台),周运力缺口(台),场景运价系数,整趟费用(SAR),满载摊销单台费用(SAR),需求统计口径,数据性质
SC-DUAL,双港口常态,2026-09-28,2026-10-04,P-W-RUH,P-W,可用但未分配车辆,0,1,0,8,0.9,0,0,0,0,1,3980,497.5,沿用各门店历史周销速；同周供需压力测试,模拟
SC-DUAL,双港口常态,2026-09-28,2026-10-04,P-W-JED,P-W,已分配运力,13,6,78,8,0.9,624,561,441.3207,0,1,508,63.5,沿用各门店历史周销速；同周供需压力测试,模拟
SC-DUAL,双港口常态,2026-09-28,2026-10-04,P-W-DMM,P-W,可用但未分配车辆,0,1,0,8,0.9,0,0,0,0,1,5284,660.5,沿用各门店历史周销速；同周供需压力测试,模拟
SC-DUAL,双港口常态,2026-09-28,2026-10-04,P-W-KHO,P-W,可用但未分配车辆,0,1,0,8,0.9,0,0,0,0,1,5348,668.5,沿用各门店历史周销速；同周供需压力测试,模拟
SC-DUAL,双港口常态,2026-09-28,2026-10-04,P-W-MAK,P-W,已分配运力,5,6,30,8,0.9,240,216,141.4728,0,1,828,103.5,沿用各门店历史周销速；同周供需压力测试,模拟
SC-DUAL,双港口常态,2026-09-28,2026-10-04,P-W-MED,P-W,已分配运力,13,2,26,8,0.9,208,187,144.538,0,1,2196,274.5,沿用各门店历史周销速；同周供需压力测试,模拟
SC-DUAL,双港口常态,2026-09-28,2026-10-04,P-W-TAI,P-W,已分配运力,5,3,15,8,0.9,120,108,62.8804,0,1,1304,163,沿用各门店历史周销速；同周供需压力测试,模拟
SC-DUAL,双港口常态,2026-09-28,2026-10-04,P-W-HOF,P-W,可用但未分配车辆,0,1,0,8,0.9,0,0,0,0,1,5028,628.5,沿用各门店历史周销速；同周供需压力测试,模拟
SC-DUAL,双港口常态,2026-09-28,2026-10-04,P-W-BUR,P-W,可用但未分配车辆,0,1,0,8,0.9,0,0,0,0,1,3810,476.25,沿用各门店历史周销速；同周供需压力测试,模拟
SC-DUAL,双港口常态,2026-09-28,2026-10-04,P-W-UNA,P-W,可用但未分配车辆,0,1,0,8,0.9,0,0,0,0,1,3742,467.75,沿用各门店历史周销速；同周供需压力测试,模拟
SC-DUAL,双港口常态,2026-09-28,2026-10-04,P-W-HAI,P-W,已分配运力,11,1,11,8,0.9,88,79,62.9457,0,1,3572,446.5,沿用各门店历史周销速；同周供需压力测试,模拟
SC-DUAL,双港口常态,2026-09-28,2026-10-04,P-W-TAB,P-W,已分配运力,12,1,12,8,0.9,96,86,63.6576,0,1,4218,527.25,沿用各门店历史周销速；同周供需压力测试,模拟
SC-DUAL,双港口常态,2026-09-28,2026-10-04,P-W-ABH,P-W,已分配运力,12,2,24,8,0.9,192,172,129.9348,0,1,3438,429.75,沿用各门店历史周销速；同周供需压力测试,模拟
SC-DUAL,双港口常态,2026-09-28,2026-10-04,P-W-KHM,P-W,已分配运力,8,1,8,8,0.9,64,57,43.9293,0,1,3651,456.38,沿用各门店历史周销速；同周供需压力测试,模拟
SC-DUAL,双港口常态,2026-09-28,2026-10-04,P-W-JAZ,P-W,已分配运力,11,1,11,8,0.9,88,79,57.3533,0,1,3198,399.75,沿用各门店历史周销速；同周供需压力测试,模拟
SC-DUAL,双港口常态,2026-09-28,2026-10-04,P-W-NAJ,P-W,已分配运力,8,1,8,8,0.9,64,57,43.3587,0,1,3844,480.5,沿用各门店历史周销速；同周供需压力测试,模拟
SC-DUAL,双港口常态,2026-09-28,2026-10-04,P-W-YAN,P-W,已分配运力,3,3,9,8,0.9,72,64,43.4022,0,1,1892,236.5,沿用各门店历史周销速；同周供需压力测试,模拟
SC-DUAL,双港口常态,2026-09-28,2026-10-04,P-W-JUB,P-W,可用但未分配车辆,0,1,0,8,0.9,0,0,0,0,1,5668,708.5,沿用各门店历史周销速；同周供需压力测试,模拟
SC-DUAL,双港口常态,2026-09-28,2026-10-04,P-E-RUH,P-E,已分配运力,29,3,87,8,0.9,696,626,501.0761,0,1,2158,269.75,沿用各门店历史周销速；同周供需压力测试,模拟
SC-DUAL,双港口常态,2026-09-28,2026-10-04,P-E-JED,P-E,可用但未分配车辆,0,1,0,8,0.9,0,0,0,0,1,5284,660.5,沿用各门店历史周销速；同周供需压力测试,模拟
SC-DUAL,双港口常态,2026-09-28,2026-10-04,P-E-DMM,P-E,已分配运力,7,6,42,8,0.9,336,302,221.3913,0,1,530,66.25,沿用各门店历史周销速；同周供需压力测试,模拟
SC-DUAL,双港口常态,2026-09-28,2026-10-04,P-E-KHO,P-E,已分配运力,5,6,30,8,0.9,240,216,150.5109,0,1,553,69.13,沿用各门店历史周销速；同周供需压力测试,模拟
SC-DUAL,双港口常态,2026-09-28,2026-10-04,P-E-MAK,P-E,可用但未分配车辆,0,1,0,8,0.9,0,0,0,0,1,5316,664.5,沿用各门店历史周销速；同周供需压力测试,模拟
SC-DUAL,双港口常态,2026-09-28,2026-10-04,P-E-MED,P-E,可用但未分配车辆,0,1,0,8,0.9,0,0,0,0,1,5220,652.5,沿用各门店历史周销速；同周供需压力测试,模拟
SC-DUAL,双港口常态,2026-09-28,2026-10-04,P-E-TAI,P-E,可用但未分配车辆,0,1,0,8,0.9,0,0,0,0,1,5488,686,沿用各门店历史周销速；同周供需压力测试,模拟
SC-DUAL,双港口常态,2026-09-28,2026-10-04,P-E-HOF,P-E,已分配运力,5,3,15,8,0.9,120,108,71.7717,0,1,1122,140.25,沿用各门店历史周销速；同周供需压力测试,模拟
SC-DUAL,双港口常态,2026-09-28,2026-10-04,P-E-BUR,P-E,已分配运力,23,1,23,8,0.9,184,165,131.5543,0,1,3402,425.25,沿用各门店历史周销速；同周供需压力测试,模拟
SC-DUAL,双港口常态,2026-09-28,2026-10-04,P-E-UNA,P-E,已分配运力,8,1,8,8,0.9,64,57,42.788,0,1,3334,416.75,沿用各门店历史周销速；同周供需压力测试,模拟
SC-DUAL,双港口常态,2026-09-28,2026-10-04,P-E-HAI,P-E,可用但未分配车辆,0,1,0,8,0.9,0,0,0,0,1,4694,586.75,沿用各门店历史周销速；同周供需压力测试,模拟
SC-DUAL,双港口常态,2026-09-28,2026-10-04,P-E-TAB,P-E,可用但未分配车辆,0,0,0,8,0.9,0,0,0,0,1,6212,776.5,沿用各门店历史周销速；同周供需压力测试,模拟
SC-DUAL,双港口常态,2026-09-28,2026-10-04,P-E-ABH,P-E,可用但未分配车辆,0,1,0,8,0.9,0,0,0,0,1,6384,798,沿用各门店历史周销速；同周供需压力测试,模拟
SC-DUAL,双港口常态,2026-09-28,2026-10-04,P-E-KHM,P-E,可用但未分配车辆,0,1,0,8,0.9,0,0,0,0,1,6241,780.13,沿用各门店历史周销速；同周供需压力测试,模拟
SC-DUAL,双港口常态,2026-09-28,2026-10-04,P-E-JAZ,P-E,可用但未分配车辆,0,0,0,8,0.9,0,0,0,0,1,6564,820.5,沿用各门店历史周销速；同周供需压力测试,模拟
SC-DUAL,双港口常态,2026-09-28,2026-10-04,P-E-NAJ,P-E,可用但未分配车辆,0,1,0,8,0.9,0,0,0,0,1,5700,712.5,沿用各门店历史周销速；同周供需压力测试,模拟
SC-DUAL,双港口常态,2026-09-28,2026-10-04,P-E-YAN,P-E,可用但未分配车辆,0,1,0,8,0.9,0,0,0,0,1,5732,716.5,沿用各门店历史周销速；同周供需压力测试,模拟
SC-DUAL,双港口常态,2026-09-28,2026-10-04,P-E-JUB,P-E,已分配运力,2,6,12,8,0.9,96,86,50.9565,0,1,870,108.75,沿用各门店历史周销速；同周供需压力测试,模拟
SC-WEST,仅西部吉达港口,2026-09-28,2026-10-04,P-W-RUH,P-W,已分配运力,49,1,49,8,0.9,392,352,501.0761,150,1.12,4458,557.25,沿用各门店历史周销速；同周供需压力测试,模拟
SC-WEST,仅西部吉达港口,2026-09-28,2026-10-04,P-W-JED,P-W,已分配运力,8,6,48,8,0.9,384,345,441.3207,97,1.12,569,71.13,沿用各门店历史周销速；同周供需压力测试,模拟
SC-WEST,仅西部吉达港口,2026-09-28,2026-10-04,P-W-DMM,P-W,已分配运力,22,1,22,8,0.9,176,158,221.3913,64,1.12,5918,739.75,沿用各门店历史周销速；同周供需压力测试,模拟
SC-WEST,仅西部吉达港口,2026-09-28,2026-10-04,P-W-KHO,P-W,已分配运力,15,1,15,8,0.9,120,108,150.5109,43,1.12,5990,748.75,沿用各门店历史周销速；同周供需压力测试,模拟
SC-WEST,仅西部吉达港口,2026-09-28,2026-10-04,P-W-MAK,P-W,已分配运力,3,6,18,8,0.9,144,129,141.4728,13,1.12,927,115.88,沿用各门店历史周销速；同周供需压力测试,模拟
SC-WEST,仅西部吉达港口,2026-09-28,2026-10-04,P-W-MED,P-W,已分配运力,8,2,16,8,0.9,128,115,144.538,30,1.12,2460,307.5,沿用各门店历史周销速；同周供需压力测试,模拟
SC-WEST,仅西部吉达港口,2026-09-28,2026-10-04,P-W-TAI,P-W,已分配运力,3,3,9,8,0.9,72,64,62.8804,0,1.12,1460,182.5,沿用各门店历史周销速；同周供需压力测试,模拟
SC-WEST,仅西部吉达港口,2026-09-28,2026-10-04,P-W-HOF,P-W,已分配运力,8,1,8,8,0.9,64,57,71.7717,15,1.12,5631,703.88,沿用各门店历史周销速；同周供需压力测试,模拟
SC-WEST,仅西部吉达港口,2026-09-28,2026-10-04,P-W-BUR,P-W,已分配运力,14,1,14,8,0.9,112,100,131.5543,32,1.12,4267,533.38,沿用各门店历史周销速；同周供需压力测试,模拟
SC-WEST,仅西部吉达港口,2026-09-28,2026-10-04,P-W-UNA,P-W,已分配运力,5,1,5,8,0.9,40,36,42.788,7,1.12,4191,523.88,沿用各门店历史周销速；同周供需压力测试,模拟
SC-WEST,仅西部吉达港口,2026-09-28,2026-10-04,P-W-HAI,P-W,已分配运力,7,1,7,8,0.9,56,50,62.9457,13,1.12,4001,500.13,沿用各门店历史周销速；同周供需压力测试,模拟
SC-WEST,仅西部吉达港口,2026-09-28,2026-10-04,P-W-TAB,P-W,已分配运力,7,1,7,8,0.9,56,50,63.6576,14,1.12,4724,590.5,沿用各门店历史周销速；同周供需压力测试,模拟
SC-WEST,仅西部吉达港口,2026-09-28,2026-10-04,P-W-ABH,P-W,已分配运力,7,2,14,8,0.9,112,100,129.9348,30,1.12,3851,481.38,沿用各门店历史周销速；同周供需压力测试,模拟
SC-WEST,仅西部吉达港口,2026-09-28,2026-10-04,P-W-KHM,P-W,已分配运力,5,1,5,8,0.9,40,36,43.9293,8,1.12,4089,511.13,沿用各门店历史周销速；同周供需压力测试,模拟
SC-WEST,仅西部吉达港口,2026-09-28,2026-10-04,P-W-JAZ,P-W,已分配运力,6,1,6,8,0.9,48,43,57.3533,15,1.12,3582,447.75,沿用各门店历史周销速；同周供需压力测试,模拟
SC-WEST,仅西部吉达港口,2026-09-28,2026-10-04,P-W-NAJ,P-W,已分配运力,5,1,5,8,0.9,40,36,43.3587,8,1.12,4305,538.13,沿用各门店历史周销速；同周供需压力测试,模拟
SC-WEST,仅西部吉达港口,2026-09-28,2026-10-04,P-W-YAN,P-W,已分配运力,2,3,6,8,0.9,48,43,43.4022,1,1.12,2119,264.88,沿用各门店历史周销速；同周供需压力测试,模拟
SC-WEST,仅西部吉达港口,2026-09-28,2026-10-04,P-W-JUB,P-W,已分配运力,6,1,6,8,0.9,48,43,50.9565,8,1.12,6348,793.5,沿用各门店历史周销速；同周供需压力测试,模拟
SC-WEST,仅西部吉达港口,2026-09-28,2026-10-04,P-E-RUH,P-E,停用,0,3,0,8,0.9,0,0,0,0,1.12,,,沿用各门店历史周销速；同周供需压力测试,模拟
SC-WEST,仅西部吉达港口,2026-09-28,2026-10-04,P-E-JED,P-E,停用,0,1,0,8,0.9,0,0,0,0,1.12,,,沿用各门店历史周销速；同周供需压力测试,模拟
SC-WEST,仅西部吉达港口,2026-09-28,2026-10-04,P-E-DMM,P-E,停用,0,6,0,8,0.9,0,0,0,0,1.12,,,沿用各门店历史周销速；同周供需压力测试,模拟
SC-WEST,仅西部吉达港口,2026-09-28,2026-10-04,P-E-KHO,P-E,停用,0,6,0,8,0.9,0,0,0,0,1.12,,,沿用各门店历史周销速；同周供需压力测试,模拟
SC-WEST,仅西部吉达港口,2026-09-28,2026-10-04,P-E-MAK,P-E,停用,0,1,0,8,0.9,0,0,0,0,1.12,,,沿用各门店历史周销速；同周供需压力测试,模拟
SC-WEST,仅西部吉达港口,2026-09-28,2026-10-04,P-E-MED,P-E,停用,0,1,0,8,0.9,0,0,0,0,1.12,,,沿用各门店历史周销速；同周供需压力测试,模拟
SC-WEST,仅西部吉达港口,2026-09-28,2026-10-04,P-E-TAI,P-E,停用,0,1,0,8,0.9,0,0,0,0,1.12,,,沿用各门店历史周销速；同周供需压力测试,模拟
SC-WEST,仅西部吉达港口,2026-09-28,2026-10-04,P-E-HOF,P-E,停用,0,3,0,8,0.9,0,0,0,0,1.12,,,沿用各门店历史周销速；同周供需压力测试,模拟
SC-WEST,仅西部吉达港口,2026-09-28,2026-10-04,P-E-BUR,P-E,停用,0,1,0,8,0.9,0,0,0,0,1.12,,,沿用各门店历史周销速；同周供需压力测试,模拟
SC-WEST,仅西部吉达港口,2026-09-28,2026-10-04,P-E-UNA,P-E,停用,0,1,0,8,0.9,0,0,0,0,1.12,,,沿用各门店历史周销速；同周供需压力测试,模拟
SC-WEST,仅西部吉达港口,2026-09-28,2026-10-04,P-E-HAI,P-E,停用,0,1,0,8,0.9,0,0,0,0,1.12,,,沿用各门店历史周销速；同周供需压力测试,模拟
SC-WEST,仅西部吉达港口,2026-09-28,2026-10-04,P-E-TAB,P-E,停用,0,0,0,8,0.9,0,0,0,0,1.12,,,沿用各门店历史周销速；同周供需压力测试,模拟
SC-WEST,仅西部吉达港口,2026-09-28,2026-10-04,P-E-ABH,P-E,停用,0,1,0,8,0.9,0,0,0,0,1.12,,,沿用各门店历史周销速；同周供需压力测试,模拟
SC-WEST,仅西部吉达港口,2026-09-28,2026-10-04,P-E-KHM,P-E,停用,0,1,0,8,0.9,0,0,0,0,1.12,,,沿用各门店历史周销速；同周供需压力测试,模拟
SC-WEST,仅西部吉达港口,2026-09-28,2026-10-04,P-E-JAZ,P-E,停用,0,0,0,8,0.9,0,0,0,0,1.12,,,沿用各门店历史周销速；同周供需压力测试,模拟
SC-WEST,仅西部吉达港口,2026-09-28,2026-10-04,P-E-NAJ,P-E,停用,0,1,0,8,0.9,0,0,0,0,1.12,,,沿用各门店历史周销速；同周供需压力测试,模拟
SC-WEST,仅西部吉达港口,2026-09-28,2026-10-04,P-E-YAN,P-E,停用,0,1,0,8,0.9,0,0,0,0,1.12,,,沿用各门店历史周销速；同周供需压力测试,模拟
SC-WEST,仅西部吉达港口,2026-09-28,2026-10-04,P-E-JUB,P-E,停用,0,6,0,8,0.9,0,0,0,0,1.12,,,沿用各门店历史周销速；同周供需压力测试,模拟
