路线编码,路线类型编码,路线类型,始发节点编码,始发节点,目的城市编码,目的城市,目的大区,单程公里数(km),地形费用系数,单程运输时长(小时),往返占用周期(天),每周运营天数,单车每周最多车次,每车次装载量(台),标准整趟费用(SAR),满载摊销单台费用(SAR),公里数口径,数据性质
P-W-RUH,RT04,跨区长途,P-W,吉达西部港口/VPC（模拟）,RUH,利雅得,中部,950,1,29.3,4,6,1,8,3980,497.5,港口/VPC至目的城市服务点估算；不含门店精确导航,模拟
P-W-JED,RT01,同城接驳,P-W,吉达西部港口/VPC（模拟）,JED,吉达,西部,35,1,2.6,1,6,6,8,508,63.5,港口/VPC至目的城市服务点估算；不含门店精确导航,模拟
P-W-DMM,RT05,偏远超长途,P-W,吉达西部港口/VPC（模拟）,DMM,达曼,东部,1370,1,46.9,6,6,1,8,5284,660.5,港口/VPC至目的城市服务点估算；不含门店精确导航,模拟
P-W-KHO,RT05,偏远超长途,P-W,吉达西部港口/VPC（模拟）,KHO,胡拜尔,东部,1390,1,47.3,6,6,1,8,5348,668.5,港口/VPC至目的城市服务点估算；不含门店精确导航,模拟
P-W-MAK,RT02,区域短途,P-W,吉达西部港口/VPC（模拟）,MAK,麦加,西部,90,1,3.6,1,6,6,8,828,103.5,港口/VPC至目的城市服务点估算；不含门店精确导航,模拟
P-W-MED,RT03,跨城中途,P-W,吉达西部港口/VPC（模拟）,MED,麦地那,西部,420,1,9.6,3,6,2,8,2196,274.5,港口/VPC至目的城市服务点估算；不含门店精确导航,模拟
P-W-TAI,RT02,区域短途,P-W,吉达西部港口/VPC（模拟）,TAI,塔伊夫,西部,170,1.12,5.1,2,6,3,8,1304,163,港口/VPC至目的城市服务点估算；不含门店精确导航,模拟
P-W-HOF,RT05,偏远超长途,P-W,吉达西部港口/VPC（模拟）,HOF,哈萨,东部,1290,1,45.5,6,6,1,8,5028,628.5,港口/VPC至目的城市服务点估算；不含门店精确导航,模拟
P-W-BUR,RT04,跨区长途,P-W,吉达西部港口/VPC（模拟）,BUR,布赖代,中部,900,1,28.4,4,6,1,8,3810,476.25,港口/VPC至目的城市服务点估算；不含门店精确导航,模拟
P-W-UNA,RT04,跨区长途,P-W,吉达西部港口/VPC（模拟）,UNA,欧奈宰,中部,880,1,28,4,6,1,8,3742,467.75,港口/VPC至目的城市服务点估算；不含门店精确导航,模拟
P-W-HAI,RT04,跨区长途,P-W,吉达西部港口/VPC（模拟）,HAI,哈伊勒,北部,830,1,27.1,4,6,1,8,3572,446.5,港口/VPC至目的城市服务点估算；不含门店精确导航,模拟
P-W-TAB,RT04,跨区长途,P-W,吉达西部港口/VPC（模拟）,TAB,塔布克,北部,1020,1,40.5,5,6,1,8,4218,527.25,港口/VPC至目的城市服务点估算；不含门店精确导航,模拟
P-W-ABH,RT03,跨城中途,P-W,吉达西部港口/VPC（模拟）,ABH,艾卜哈,南部,650,1.12,23.8,3,6,2,8,3438,429.75,港口/VPC至目的城市服务点估算；不含门店精确导航,模拟
P-W-KHM,RT03,跨城中途,P-W,吉达西部港口/VPC（模拟）,KHM,海米斯穆谢特,南部,700,1.12,24.7,4,6,1,8,3651,456.38,港口/VPC至目的城市服务点估算；不含门店精确导航,模拟
P-W-JAZ,RT04,跨区长途,P-W,吉达西部港口/VPC（模拟）,JAZ,吉赞,南部,720,1,25.1,4,6,1,8,3198,399.75,港口/VPC至目的城市服务点估算；不含门店精确导航,模拟
P-W-NAJ,RT04,跨区长途,P-W,吉达西部港口/VPC（模拟）,NAJ,奈季兰,南部,910,1,28.5,4,6,1,8,3844,480.5,港口/VPC至目的城市服务点估算；不含门店精确导航,模拟
P-W-YAN,RT03,跨城中途,P-W,吉达西部港口/VPC（模拟）,YAN,延布,西部,340,1,8.2,2,6,3,8,1892,236.5,港口/VPC至目的城市服务点估算；不含门店精确导航,模拟
P-W-JUB,RT05,偏远超长途,P-W,吉达西部港口/VPC（模拟）,JUB,朱拜勒,东部,1490,1,59.1,6,6,1,8,5668,708.5,港口/VPC至目的城市服务点估算；不含门店精确导航,模拟
P-E-RUH,RT03,跨城中途,P-E,达曼东部港口/VPC（模拟）,RUH,利雅得,中部,410,1,9.5,2,6,3,8,2158,269.75,港口/VPC至目的城市服务点估算；不含门店精确导航,模拟
P-E-JED,RT05,偏远超长途,P-E,达曼东部港口/VPC（模拟）,JED,吉达,西部,1370,1,46.9,6,6,1,8,5284,660.5,港口/VPC至目的城市服务点估算；不含门店精确导航,模拟
P-E-DMM,RT01,同城接驳,P-E,达曼东部港口/VPC（模拟）,DMM,达曼,东部,40,1,2.7,1,6,6,8,530,66.25,港口/VPC至目的城市服务点估算；不含门店精确导航,模拟
P-E-KHO,RT01,同城接驳,P-E,达曼东部港口/VPC（模拟）,KHO,胡拜尔,东部,45,1,2.8,1,6,6,8,553,69.13,港口/VPC至目的城市服务点估算；不含门店精确导航,模拟
P-E-MAK,RT05,偏远超长途,P-E,达曼东部港口/VPC（模拟）,MAK,麦加,西部,1380,1,47.1,6,6,1,8,5316,664.5,港口/VPC至目的城市服务点估算；不含门店精确导航,模拟
P-E-MED,RT05,偏远超长途,P-E,达曼东部港口/VPC（模拟）,MED,麦地那,西部,1350,1,46.5,6,6,1,8,5220,652.5,港口/VPC至目的城市服务点估算；不含门店精确导航,模拟
P-E-TAI,RT05,偏远超长途,P-E,达曼东部港口/VPC（模拟）,TAI,塔伊夫,西部,1250,1.12,44.7,6,6,1,8,5488,686,港口/VPC至目的城市服务点估算；不含门店精确导航,模拟
P-E-HOF,RT02,区域短途,P-E,达曼东部港口/VPC（模拟）,HOF,哈萨,东部,160,1,4.9,2,6,3,8,1122,140.25,港口/VPC至目的城市服务点估算；不含门店精确导航,模拟
P-E-BUR,RT04,跨区长途,P-E,达曼东部港口/VPC（模拟）,BUR,布赖代,中部,780,1,26.2,4,6,1,8,3402,425.25,港口/VPC至目的城市服务点估算；不含门店精确导航,模拟
P-E-UNA,RT04,跨区长途,P-E,达曼东部港口/VPC（模拟）,UNA,欧奈宰,中部,760,1,25.8,4,6,1,8,3334,416.75,港口/VPC至目的城市服务点估算；不含门店精确导航,模拟
P-E-HAI,RT04,跨区长途,P-E,达曼东部港口/VPC（模拟）,HAI,哈伊勒,北部,1160,1,43.1,5,6,1,8,4694,586.75,港口/VPC至目的城市服务点估算；不含门店精确导航,模拟
P-E-TAB,RT05,偏远超长途,P-E,达曼东部港口/VPC（模拟）,TAB,塔布克,北部,1660,1,62.2,7,6,0,8,6212,776.5,港口/VPC至目的城市服务点估算；不含门店精确导航,模拟
P-E-ABH,RT05,偏远超长途,P-E,达曼东部港口/VPC（模拟）,ABH,艾卜哈,南部,1500,1.12,59.3,6,6,1,8,6384,798,港口/VPC至目的城市服务点估算；不含门店精确导航,模拟
P-E-KHM,RT05,偏远超长途,P-E,达曼东部港口/VPC（模拟）,KHM,海米斯穆谢特,南部,1460,1.12,48.5,6,6,1,8,6241,780.13,港口/VPC至目的城市服务点估算；不含门店精确导航,模拟
P-E-JAZ,RT05,偏远超长途,P-E,达曼东部港口/VPC（模拟）,JAZ,吉赞,南部,1770,1,64.2,7,6,0,8,6564,820.5,港口/VPC至目的城市服务点估算；不含门店精确导航,模拟
P-E-NAJ,RT05,偏远超长途,P-E,达曼东部港口/VPC（模拟）,NAJ,奈季兰,南部,1500,1,59.3,6,6,1,8,5700,712.5,港口/VPC至目的城市服务点估算；不含门店精确导航,模拟
P-E-YAN,RT05,偏远超长途,P-E,达曼东部港口/VPC（模拟）,YAN,延布,西部,1510,1,59.5,6,6,1,8,5732,716.5,港口/VPC至目的城市服务点估算；不含门店精确导航,模拟
P-E-JUB,RT02,区域短途,P-E,达曼东部港口/VPC（模拟）,JUB,朱拜勒,东部,100,1,3.8,1,6,6,8,870,108.75,港口/VPC至目的城市服务点估算；不含门店精确导航,模拟
