门店编码,交易身份编码,城市编码,路线编码,始发节点编码,双港口推荐路线,仅西部单港口推荐路线,末端收货口径,数据性质
MOCK-D-001,MOCK-TD-001,RUH,P-W-RUH,P-W,否,是,同城门店共用城市路线运力，不得重复累计,模拟
MOCK-D-001,MOCK-TD-001,RUH,P-E-RUH,P-E,是,否,同城门店共用城市路线运力，不得重复累计,模拟
MOCK-D-002,MOCK-TD-001,RUH,P-W-RUH,P-W,否,是,同城门店共用城市路线运力，不得重复累计,模拟
MOCK-D-002,MOCK-TD-001,RUH,P-E-RUH,P-E,是,否,同城门店共用城市路线运力，不得重复累计,模拟
MOCK-D-003,MOCK-TD-001,RUH,P-W-RUH,P-W,否,是,同城门店共用城市路线运力，不得重复累计,模拟
MOCK-D-003,MOCK-TD-001,RUH,P-E-RUH,P-E,是,否,同城门店共用城市路线运力，不得重复累计,模拟
MOCK-D-004,MOCK-TD-001,RUH,P-W-RUH,P-W,否,是,同城门店共用城市路线运力，不得重复累计,模拟
MOCK-D-004,MOCK-TD-001,RUH,P-E-RUH,P-E,是,否,同城门店共用城市路线运力，不得重复累计,模拟
MOCK-D-005,MOCK-TD-001,RUH,P-W-RUH,P-W,否,是,同城门店共用城市路线运力，不得重复累计,模拟
MOCK-D-005,MOCK-TD-001,RUH,P-E-RUH,P-E,是,否,同城门店共用城市路线运力，不得重复累计,模拟
MOCK-D-006,MOCK-TD-001,RUH,P-W-RUH,P-W,否,是,同城门店共用城市路线运力，不得重复累计,模拟
MOCK-D-006,MOCK-TD-001,RUH,P-E-RUH,P-E,是,否,同城门店共用城市路线运力，不得重复累计,模拟
MOCK-L2-001,MOCK-TA-001,RUH,P-W-RUH,P-W,否,是,同城门店共用城市路线运力，不得重复累计,模拟
MOCK-L2-001,MOCK-TA-001,RUH,P-E-RUH,P-E,是,否,同城门店共用城市路线运力，不得重复累计,模拟
MOCK-L2-002,MOCK-TA-002,RUH,P-W-RUH,P-W,否,是,同城门店共用城市路线运力，不得重复累计,模拟
MOCK-L2-002,MOCK-TA-002,RUH,P-E-RUH,P-E,是,否,同城门店共用城市路线运力，不得重复累计,模拟
MOCK-L2-003,MOCK-TA-003,RUH,P-W-RUH,P-W,否,是,同城门店共用城市路线运力，不得重复累计,模拟
MOCK-L2-003,MOCK-TA-003,RUH,P-E-RUH,P-E,是,否,同城门店共用城市路线运力，不得重复累计,模拟
MOCK-L2-004,MOCK-TA-004,RUH,P-W-RUH,P-W,否,是,同城门店共用城市路线运力，不得重复累计,模拟
MOCK-L2-004,MOCK-TA-004,RUH,P-E-RUH,P-E,是,否,同城门店共用城市路线运力，不得重复累计,模拟
MOCK-L2-005,MOCK-TA-005,RUH,P-W-RUH,P-W,否,是,同城门店共用城市路线运力，不得重复累计,模拟
MOCK-L2-005,MOCK-TA-005,RUH,P-E-RUH,P-E,是,否,同城门店共用城市路线运力，不得重复累计,模拟
MOCK-L2-006,MOCK-TA-006,RUH,P-W-RUH,P-W,否,是,同城门店共用城市路线运力，不得重复累计,模拟
MOCK-L2-006,MOCK-TA-006,RUH,P-E-RUH,P-E,是,否,同城门店共用城市路线运力，不得重复累计,模拟
MOCK-L2-007,MOCK-TA-007,RUH,P-W-RUH,P-W,否,是,同城门店共用城市路线运力，不得重复累计,模拟
MOCK-L2-007,MOCK-TA-007,RUH,P-E-RUH,P-E,是,否,同城门店共用城市路线运力，不得重复累计,模拟
MOCK-L2-008,MOCK-TA-008,RUH,P-W-RUH,P-W,否,是,同城门店共用城市路线运力，不得重复累计,模拟
MOCK-L2-008,MOCK-TA-008,RUH,P-E-RUH,P-E,是,否,同城门店共用城市路线运力，不得重复累计,模拟
MOCK-D-007,MOCK-TD-001,JED,P-W-JED,P-W,是,是,同城门店共用城市路线运力，不得重复累计,模拟
MOCK-D-007,MOCK-TD-001,JED,P-E-JED,P-E,否,否,同城门店共用城市路线运力，不得重复累计,模拟
MOCK-D-008,MOCK-TD-001,JED,P-W-JED,P-W,是,是,同城门店共用城市路线运力，不得重复累计,模拟
MOCK-D-008,MOCK-TD-001,JED,P-E-JED,P-E,否,否,同城门店共用城市路线运力，不得重复累计,模拟
MOCK-D-009,MOCK-TD-001,JED,P-W-JED,P-W,是,是,同城门店共用城市路线运力，不得重复累计,模拟
MOCK-D-009,MOCK-TD-001,JED,P-E-JED,P-E,否,否,同城门店共用城市路线运力，不得重复累计,模拟
MOCK-D-010,MOCK-TD-001,JED,P-W-JED,P-W,是,是,同城门店共用城市路线运力，不得重复累计,模拟
MOCK-D-010,MOCK-TD-001,JED,P-E-JED,P-E,否,否,同城门店共用城市路线运力，不得重复累计,模拟
MOCK-D-011,MOCK-TD-001,JED,P-W-JED,P-W,是,是,同城门店共用城市路线运力，不得重复累计,模拟
MOCK-D-011,MOCK-TD-001,JED,P-E-JED,P-E,否,否,同城门店共用城市路线运力，不得重复累计,模拟
MOCK-L2-009,MOCK-TA-009,JED,P-W-JED,P-W,是,是,同城门店共用城市路线运力，不得重复累计,模拟
MOCK-L2-009,MOCK-TA-009,JED,P-E-JED,P-E,否,否,同城门店共用城市路线运力，不得重复累计,模拟
MOCK-L2-010,MOCK-TA-010,JED,P-W-JED,P-W,是,是,同城门店共用城市路线运力，不得重复累计,模拟
MOCK-L2-010,MOCK-TA-010,JED,P-E-JED,P-E,否,否,同城门店共用城市路线运力，不得重复累计,模拟
MOCK-L2-011,MOCK-TA-011,JED,P-W-JED,P-W,是,是,同城门店共用城市路线运力，不得重复累计,模拟
MOCK-L2-011,MOCK-TA-011,JED,P-E-JED,P-E,否,否,同城门店共用城市路线运力，不得重复累计,模拟
MOCK-L2-012,MOCK-TA-012,JED,P-W-JED,P-W,是,是,同城门店共用城市路线运力，不得重复累计,模拟
MOCK-L2-012,MOCK-TA-012,JED,P-E-JED,P-E,否,否,同城门店共用城市路线运力，不得重复累计,模拟
MOCK-L2-013,MOCK-TA-013,JED,P-W-JED,P-W,是,是,同城门店共用城市路线运力，不得重复累计,模拟
MOCK-L2-013,MOCK-TA-013,JED,P-E-JED,P-E,否,否,同城门店共用城市路线运力，不得重复累计,模拟
MOCK-L2-014,MOCK-TA-014,JED,P-W-JED,P-W,是,是,同城门店共用城市路线运力，不得重复累计,模拟
MOCK-L2-014,MOCK-TA-014,JED,P-E-JED,P-E,否,否,同城门店共用城市路线运力，不得重复累计,模拟
MOCK-D-012,MOCK-TD-001,DMM,P-W-DMM,P-W,否,是,同城门店共用城市路线运力，不得重复累计,模拟
MOCK-D-012,MOCK-TD-001,DMM,P-E-DMM,P-E,是,否,同城门店共用城市路线运力，不得重复累计,模拟
MOCK-D-013,MOCK-TD-001,DMM,P-W-DMM,P-W,否,是,同城门店共用城市路线运力，不得重复累计,模拟
MOCK-D-013,MOCK-TD-001,DMM,P-E-DMM,P-E,是,否,同城门店共用城市路线运力，不得重复累计,模拟
MOCK-D-014,MOCK-TD-001,DMM,P-W-DMM,P-W,否,是,同城门店共用城市路线运力，不得重复累计,模拟
MOCK-D-014,MOCK-TD-001,DMM,P-E-DMM,P-E,是,否,同城门店共用城市路线运力，不得重复累计,模拟
MOCK-L2-015,MOCK-TA-015,DMM,P-W-DMM,P-W,否,是,同城门店共用城市路线运力，不得重复累计,模拟
MOCK-L2-015,MOCK-TA-015,DMM,P-E-DMM,P-E,是,否,同城门店共用城市路线运力，不得重复累计,模拟
MOCK-L2-016,MOCK-TA-016,DMM,P-W-DMM,P-W,否,是,同城门店共用城市路线运力，不得重复累计,模拟
MOCK-L2-016,MOCK-TA-016,DMM,P-E-DMM,P-E,是,否,同城门店共用城市路线运力，不得重复累计,模拟
MOCK-L2-017,MOCK-TA-017,DMM,P-W-DMM,P-W,否,是,同城门店共用城市路线运力，不得重复累计,模拟
MOCK-L2-017,MOCK-TA-017,DMM,P-E-DMM,P-E,是,否,同城门店共用城市路线运力，不得重复累计,模拟
MOCK-L2-018,MOCK-TA-018,DMM,P-W-DMM,P-W,否,是,同城门店共用城市路线运力，不得重复累计,模拟
MOCK-L2-018,MOCK-TA-018,DMM,P-E-DMM,P-E,是,否,同城门店共用城市路线运力，不得重复累计,模拟
MOCK-D-015,MOCK-TD-001,KHO,P-W-KHO,P-W,否,是,同城门店共用城市路线运力，不得重复累计,模拟
MOCK-D-015,MOCK-TD-001,KHO,P-E-KHO,P-E,是,否,同城门店共用城市路线运力，不得重复累计,模拟
MOCK-D-016,MOCK-TD-001,KHO,P-W-KHO,P-W,否,是,同城门店共用城市路线运力，不得重复累计,模拟
MOCK-D-016,MOCK-TD-001,KHO,P-E-KHO,P-E,是,否,同城门店共用城市路线运力，不得重复累计,模拟
MOCK-L2-019,MOCK-TA-019,KHO,P-W-KHO,P-W,否,是,同城门店共用城市路线运力，不得重复累计,模拟
MOCK-L2-019,MOCK-TA-019,KHO,P-E-KHO,P-E,是,否,同城门店共用城市路线运力，不得重复累计,模拟
MOCK-L2-020,MOCK-TA-020,KHO,P-W-KHO,P-W,否,是,同城门店共用城市路线运力，不得重复累计,模拟
MOCK-L2-020,MOCK-TA-020,KHO,P-E-KHO,P-E,是,否,同城门店共用城市路线运力，不得重复累计,模拟
MOCK-D-017,MOCK-TD-001,MAK,P-W-MAK,P-W,是,是,同城门店共用城市路线运力，不得重复累计,模拟
MOCK-D-017,MOCK-TD-001,MAK,P-E-MAK,P-E,否,否,同城门店共用城市路线运力，不得重复累计,模拟
MOCK-D-018,MOCK-TD-001,MAK,P-W-MAK,P-W,是,是,同城门店共用城市路线运力，不得重复累计,模拟
MOCK-D-018,MOCK-TD-001,MAK,P-E-MAK,P-E,否,否,同城门店共用城市路线运力，不得重复累计,模拟
MOCK-L2-021,MOCK-TA-021,MAK,P-W-MAK,P-W,是,是,同城门店共用城市路线运力，不得重复累计,模拟
MOCK-L2-021,MOCK-TA-021,MAK,P-E-MAK,P-E,否,否,同城门店共用城市路线运力，不得重复累计,模拟
MOCK-L2-022,MOCK-TA-022,MAK,P-W-MAK,P-W,是,是,同城门店共用城市路线运力，不得重复累计,模拟
MOCK-L2-022,MOCK-TA-022,MAK,P-E-MAK,P-E,否,否,同城门店共用城市路线运力，不得重复累计,模拟
MOCK-L2-023,MOCK-TA-023,MAK,P-W-MAK,P-W,是,是,同城门店共用城市路线运力，不得重复累计,模拟
MOCK-L2-023,MOCK-TA-023,MAK,P-E-MAK,P-E,否,否,同城门店共用城市路线运力，不得重复累计,模拟
MOCK-D-019,MOCK-TD-001,MED,P-W-MED,P-W,是,是,同城门店共用城市路线运力，不得重复累计,模拟
MOCK-D-019,MOCK-TD-001,MED,P-E-MED,P-E,否,否,同城门店共用城市路线运力，不得重复累计,模拟
MOCK-D-020,MOCK-TD-001,MED,P-W-MED,P-W,是,是,同城门店共用城市路线运力，不得重复累计,模拟
MOCK-D-020,MOCK-TD-001,MED,P-E-MED,P-E,否,否,同城门店共用城市路线运力，不得重复累计,模拟
MOCK-L2-024,MOCK-TA-024,MED,P-W-MED,P-W,是,是,同城门店共用城市路线运力，不得重复累计,模拟
MOCK-L2-024,MOCK-TA-024,MED,P-E-MED,P-E,否,否,同城门店共用城市路线运力，不得重复累计,模拟
MOCK-L2-025,MOCK-TA-025,MED,P-W-MED,P-W,是,是,同城门店共用城市路线运力，不得重复累计,模拟
MOCK-L2-025,MOCK-TA-025,MED,P-E-MED,P-E,否,否,同城门店共用城市路线运力，不得重复累计,模拟
MOCK-D-021,MOCK-TD-001,TAI,P-W-TAI,P-W,是,是,同城门店共用城市路线运力，不得重复累计,模拟
MOCK-D-021,MOCK-TD-001,TAI,P-E-TAI,P-E,否,否,同城门店共用城市路线运力，不得重复累计,模拟
MOCK-L2-026,MOCK-TA-026,TAI,P-W-TAI,P-W,是,是,同城门店共用城市路线运力，不得重复累计,模拟
MOCK-L2-026,MOCK-TA-026,TAI,P-E-TAI,P-E,否,否,同城门店共用城市路线运力，不得重复累计,模拟
MOCK-L2-027,MOCK-TA-027,TAI,P-W-TAI,P-W,是,是,同城门店共用城市路线运力，不得重复累计,模拟
MOCK-L2-027,MOCK-TA-027,TAI,P-E-TAI,P-E,否,否,同城门店共用城市路线运力，不得重复累计,模拟
MOCK-D-022,MOCK-TD-001,HOF,P-W-HOF,P-W,否,是,同城门店共用城市路线运力，不得重复累计,模拟
MOCK-D-022,MOCK-TD-001,HOF,P-E-HOF,P-E,是,否,同城门店共用城市路线运力，不得重复累计,模拟
MOCK-L2-028,MOCK-TA-028,HOF,P-W-HOF,P-W,否,是,同城门店共用城市路线运力，不得重复累计,模拟
MOCK-L2-028,MOCK-TA-028,HOF,P-E-HOF,P-E,是,否,同城门店共用城市路线运力，不得重复累计,模拟
MOCK-L2-029,MOCK-TA-029,HOF,P-W-HOF,P-W,否,是,同城门店共用城市路线运力，不得重复累计,模拟
MOCK-L2-029,MOCK-TA-029,HOF,P-E-HOF,P-E,是,否,同城门店共用城市路线运力，不得重复累计,模拟
MOCK-D-023,MOCK-TD-001,BUR,P-W-BUR,P-W,否,是,同城门店共用城市路线运力，不得重复累计,模拟
MOCK-D-023,MOCK-TD-001,BUR,P-E-BUR,P-E,是,否,同城门店共用城市路线运力，不得重复累计,模拟
MOCK-D-024,MOCK-TD-001,BUR,P-W-BUR,P-W,否,是,同城门店共用城市路线运力，不得重复累计,模拟
MOCK-D-024,MOCK-TD-001,BUR,P-E-BUR,P-E,是,否,同城门店共用城市路线运力，不得重复累计,模拟
MOCK-L2-030,MOCK-TA-030,BUR,P-W-BUR,P-W,否,是,同城门店共用城市路线运力，不得重复累计,模拟
MOCK-L2-030,MOCK-TA-030,BUR,P-E-BUR,P-E,是,否,同城门店共用城市路线运力，不得重复累计,模拟
MOCK-L2-031,MOCK-TA-031,BUR,P-W-BUR,P-W,否,是,同城门店共用城市路线运力，不得重复累计,模拟
MOCK-L2-031,MOCK-TA-031,BUR,P-E-BUR,P-E,是,否,同城门店共用城市路线运力，不得重复累计,模拟
MOCK-L2-032,MOCK-TA-032,BUR,P-W-BUR,P-W,否,是,同城门店共用城市路线运力，不得重复累计,模拟
MOCK-L2-032,MOCK-TA-032,BUR,P-E-BUR,P-E,是,否,同城门店共用城市路线运力，不得重复累计,模拟
MOCK-D-025,MOCK-TD-001,UNA,P-W-UNA,P-W,否,是,同城门店共用城市路线运力，不得重复累计,模拟
MOCK-D-025,MOCK-TD-001,UNA,P-E-UNA,P-E,是,否,同城门店共用城市路线运力，不得重复累计,模拟
MOCK-L2-033,MOCK-TA-033,UNA,P-W-UNA,P-W,否,是,同城门店共用城市路线运力，不得重复累计,模拟
MOCK-L2-033,MOCK-TA-033,UNA,P-E-UNA,P-E,是,否,同城门店共用城市路线运力，不得重复累计,模拟
MOCK-D-026,MOCK-TD-001,HAI,P-W-HAI,P-W,是,是,同城门店共用城市路线运力，不得重复累计,模拟
MOCK-D-026,MOCK-TD-001,HAI,P-E-HAI,P-E,否,否,同城门店共用城市路线运力，不得重复累计,模拟
MOCK-L2-034,MOCK-TA-034,HAI,P-W-HAI,P-W,是,是,同城门店共用城市路线运力，不得重复累计,模拟
MOCK-L2-034,MOCK-TA-034,HAI,P-E-HAI,P-E,否,否,同城门店共用城市路线运力，不得重复累计,模拟
MOCK-L2-035,MOCK-TA-035,HAI,P-W-HAI,P-W,是,是,同城门店共用城市路线运力，不得重复累计,模拟
MOCK-L2-035,MOCK-TA-035,HAI,P-E-HAI,P-E,否,否,同城门店共用城市路线运力，不得重复累计,模拟
MOCK-D-027,MOCK-TD-001,TAB,P-W-TAB,P-W,是,是,同城门店共用城市路线运力，不得重复累计,模拟
MOCK-D-027,MOCK-TD-001,TAB,P-E-TAB,P-E,否,否,同城门店共用城市路线运力，不得重复累计,模拟
MOCK-L2-036,MOCK-TA-036,TAB,P-W-TAB,P-W,是,是,同城门店共用城市路线运力，不得重复累计,模拟
MOCK-L2-036,MOCK-TA-036,TAB,P-E-TAB,P-E,否,否,同城门店共用城市路线运力，不得重复累计,模拟
MOCK-L2-037,MOCK-TA-037,TAB,P-W-TAB,P-W,是,是,同城门店共用城市路线运力，不得重复累计,模拟
MOCK-L2-037,MOCK-TA-037,TAB,P-E-TAB,P-E,否,否,同城门店共用城市路线运力，不得重复累计,模拟
MOCK-D-028,MOCK-TD-001,ABH,P-W-ABH,P-W,是,是,同城门店共用城市路线运力，不得重复累计,模拟
MOCK-D-028,MOCK-TD-001,ABH,P-E-ABH,P-E,否,否,同城门店共用城市路线运力，不得重复累计,模拟
MOCK-D-029,MOCK-TD-001,ABH,P-W-ABH,P-W,是,是,同城门店共用城市路线运力，不得重复累计,模拟
MOCK-D-029,MOCK-TD-001,ABH,P-E-ABH,P-E,否,否,同城门店共用城市路线运力，不得重复累计,模拟
MOCK-L2-038,MOCK-TA-038,ABH,P-W-ABH,P-W,是,是,同城门店共用城市路线运力，不得重复累计,模拟
MOCK-L2-038,MOCK-TA-038,ABH,P-E-ABH,P-E,否,否,同城门店共用城市路线运力，不得重复累计,模拟
MOCK-L2-039,MOCK-TA-039,ABH,P-W-ABH,P-W,是,是,同城门店共用城市路线运力，不得重复累计,模拟
MOCK-L2-039,MOCK-TA-039,ABH,P-E-ABH,P-E,否,否,同城门店共用城市路线运力，不得重复累计,模拟
MOCK-D-030,MOCK-TD-001,KHM,P-W-KHM,P-W,是,是,同城门店共用城市路线运力，不得重复累计,模拟
MOCK-D-030,MOCK-TD-001,KHM,P-E-KHM,P-E,否,否,同城门店共用城市路线运力，不得重复累计,模拟
MOCK-L2-040,MOCK-TA-040,KHM,P-W-KHM,P-W,是,是,同城门店共用城市路线运力，不得重复累计,模拟
MOCK-L2-040,MOCK-TA-040,KHM,P-E-KHM,P-E,否,否,同城门店共用城市路线运力，不得重复累计,模拟
MOCK-D-031,MOCK-TD-001,JAZ,P-W-JAZ,P-W,是,是,同城门店共用城市路线运力，不得重复累计,模拟
MOCK-D-031,MOCK-TD-001,JAZ,P-E-JAZ,P-E,否,否,同城门店共用城市路线运力，不得重复累计,模拟
MOCK-L2-041,MOCK-TA-041,JAZ,P-W-JAZ,P-W,是,是,同城门店共用城市路线运力，不得重复累计,模拟
MOCK-L2-041,MOCK-TA-041,JAZ,P-E-JAZ,P-E,否,否,同城门店共用城市路线运力，不得重复累计,模拟
MOCK-L2-042,MOCK-TA-042,JAZ,P-W-JAZ,P-W,是,是,同城门店共用城市路线运力，不得重复累计,模拟
MOCK-L2-042,MOCK-TA-042,JAZ,P-E-JAZ,P-E,否,否,同城门店共用城市路线运力，不得重复累计,模拟
MOCK-D-032,MOCK-TD-001,NAJ,P-W-NAJ,P-W,是,是,同城门店共用城市路线运力，不得重复累计,模拟
MOCK-D-032,MOCK-TD-001,NAJ,P-E-NAJ,P-E,否,否,同城门店共用城市路线运力，不得重复累计,模拟
MOCK-L2-043,MOCK-TA-043,NAJ,P-W-NAJ,P-W,是,是,同城门店共用城市路线运力，不得重复累计,模拟
MOCK-L2-043,MOCK-TA-043,NAJ,P-E-NAJ,P-E,否,否,同城门店共用城市路线运力，不得重复累计,模拟
MOCK-D-033,MOCK-TD-001,YAN,P-W-YAN,P-W,是,是,同城门店共用城市路线运力，不得重复累计,模拟
MOCK-D-033,MOCK-TD-001,YAN,P-E-YAN,P-E,否,否,同城门店共用城市路线运力，不得重复累计,模拟
MOCK-L2-044,MOCK-TA-044,YAN,P-W-YAN,P-W,是,是,同城门店共用城市路线运力，不得重复累计,模拟
MOCK-L2-044,MOCK-TA-044,YAN,P-E-YAN,P-E,否,否,同城门店共用城市路线运力，不得重复累计,模拟
MOCK-D-034,MOCK-TD-001,JUB,P-W-JUB,P-W,否,是,同城门店共用城市路线运力，不得重复累计,模拟
MOCK-D-034,MOCK-TD-001,JUB,P-E-JUB,P-E,是,否,同城门店共用城市路线运力，不得重复累计,模拟
MOCK-L2-045,MOCK-TA-045,JUB,P-W-JUB,P-W,否,是,同城门店共用城市路线运力，不得重复累计,模拟
MOCK-L2-045,MOCK-TA-045,JUB,P-E-JUB,P-E,是,否,同城门店共用城市路线运力，不得重复累计,模拟
