交易身份编码,门店编码,门店名称,客户类型,城市编码,品牌,库存日期,当前实物库存(台),可自由分配库存(台),订单已锁库存(台),质检冻结库存(台),在途库存(台),库龄0至30天(台),库龄31至60天(台),库龄61至90天(台),库龄91天及以上(台),参考周销速(台),实物库存覆盖(周),可用库存覆盖(周),目标库存覆盖(周),参考补库缺口(台),销速统计截止日,库存性质,数据性质
MOCK-TD-001,MOCK-D-001,模拟直营·利雅得·01店,直营,RUH,丰田,2026-09-29,63,55,7,1,48,38,15,7,3,68.5,0.9197,0.8029,3,103,2026-07-26,独立模拟快照,模拟
MOCK-TD-001,MOCK-D-001,模拟直营·利雅得·01店,直营,RUH,雷克萨斯,2026-09-29,88,62,23,3,5,55,20,9,4,21.625,4.0694,2.8671,3,0,2026-07-26,独立模拟快照,模拟
MOCK-TD-001,MOCK-D-002,模拟直营·利雅得·02店,直营,RUH,丰田,2026-09-29,117,103,12,2,15,73,26,12,6,47,2.4894,2.1915,3,23,2026-07-26,独立模拟快照,模拟
MOCK-TD-001,MOCK-D-002,模拟直营·利雅得·02店,直营,RUH,雷克萨斯,2026-09-29,56,42,11,3,6,35,12,6,3,14.5,3.8621,2.8966,3,0,2026-07-26,独立模拟快照,模拟
MOCK-TD-001,MOCK-D-003,模拟直营·利雅得·03店,直营,RUH,丰田,2026-09-29,200,148,46,6,34,120,47,22,11,48.625,4.1131,3.0437,3,0,2026-07-26,独立模拟快照,模拟
MOCK-TD-001,MOCK-D-003,模拟直营·利雅得·03店,直营,RUH,雷克萨斯,2026-09-29,43,37,5,1,4,27,10,4,2,17.75,2.4225,2.0845,3,13,2026-07-26,独立模拟快照,模拟
MOCK-TD-001,MOCK-D-004,模拟直营·利雅得·04店,直营,RUH,丰田,2026-09-29,200,169,23,8,23,123,46,21,10,51.625,3.8741,3.2736,3,0,2026-07-26,独立模拟快照,模拟
MOCK-TD-001,MOCK-D-005,模拟直营·利雅得·05店,直营,RUH,丰田,2026-09-29,110,80,25,5,15,72,23,10,5,47.125,2.3342,1.6976,3,47,2026-07-26,独立模拟快照,模拟
MOCK-TD-001,MOCK-D-006,模拟直营·利雅得·06店,直营,RUH,丰田,2026-09-29,80,54,21,5,5,51,17,8,4,39,2.0513,1.3846,3,58,2026-07-26,独立模拟快照,模拟
MOCK-TA-001,MOCK-L2-001,模拟二级展厅·利雅得·01店,二级展厅,RUH,丰田,2026-09-29,50,41,7,2,10,30,12,5,3,16.9674,2.9468,2.4164,4,17,2026-07-31,独立模拟快照,模拟
MOCK-TA-001,MOCK-L2-001,模拟二级展厅·利雅得·01店,二级展厅,RUH,雷克萨斯,2026-09-29,11,8,3,0,2,7,2,1,1,3.1957,3.4422,2.5034,4,3,2026-07-31,独立模拟快照,模拟
MOCK-TA-002,MOCK-L2-002,模拟二级展厅·利雅得·02店,二级展厅,RUH,丰田,2026-09-29,15,12,2,1,8,10,3,1,1,16.587,0.9043,0.7235,4,47,2026-07-31,独立模拟快照,模拟
MOCK-TA-003,MOCK-L2-003,模拟二级展厅·利雅得·03店,二级展厅,RUH,丰田,2026-09-29,61,45,14,2,10,37,14,7,3,17.1957,3.5474,2.6169,4,14,2026-07-31,独立模拟快照,模拟
MOCK-TA-004,MOCK-L2-004,模拟二级展厅·利雅得·04店,二级展厅,RUH,丰田,2026-09-29,121,84,31,6,10,75,27,13,6,21.837,5.5411,3.8467,4,0,2026-07-31,独立模拟快照,模拟
MOCK-TA-005,MOCK-L2-005,模拟二级展厅·利雅得·05店,二级展厅,RUH,丰田,2026-09-29,30,22,7,1,5,18,7,3,2,16.2065,1.8511,1.3575,4,38,2026-07-31,独立模拟快照,模拟
MOCK-TA-006,MOCK-L2-006,模拟二级展厅·利雅得·06店,二级展厅,RUH,丰田,2026-09-29,42,33,6,3,11,27,9,4,2,20.163,2.083,1.6367,4,37,2026-07-31,独立模拟快照,模拟
MOCK-TA-007,MOCK-L2-007,模拟二级展厅·利雅得·07店,二级展厅,RUH,丰田,2026-09-29,64,46,15,3,9,40,14,7,3,16.587,3.8585,2.7733,4,12,2026-07-31,独立模拟快照,模拟
MOCK-TA-008,MOCK-L2-008,模拟二级展厅·利雅得·08店,二级展厅,RUH,丰田,2026-09-29,63,51,9,3,8,39,14,7,3,16.587,3.7982,3.0747,4,8,2026-07-31,独立模拟快照,模拟
MOCK-TD-001,MOCK-D-007,模拟直营·吉达·01店,直营,JED,丰田,2026-09-29,198,153,35,10,28,124,44,20,10,52.25,3.7895,2.9282,3,0,2026-07-26,独立模拟快照,模拟
MOCK-TD-001,MOCK-D-007,模拟直营·吉达·01店,直营,JED,雷克萨斯,2026-09-29,41,30,10,1,7,26,9,4,2,18.375,2.2313,1.6327,3,19,2026-07-26,独立模拟快照,模拟
MOCK-TD-001,MOCK-D-008,模拟直营·吉达·02店,直营,JED,丰田,2026-09-29,139,105,32,2,14,87,31,14,7,61.625,2.2556,1.7039,3,66,2026-07-26,独立模拟快照,模拟
MOCK-TD-001,MOCK-D-008,模拟直营·吉达·02店,直营,JED,雷克萨斯,2026-09-29,75,64,9,2,8,48,16,7,4,20,3.75,3.2,3,0,2026-07-26,独立模拟快照,模拟
MOCK-TD-001,MOCK-D-009,模拟直营·吉达·03店,直营,JED,丰田,2026-09-29,64,52,10,2,12,42,13,6,3,55.75,1.148,0.9327,3,104,2026-07-26,独立模拟快照,模拟
MOCK-TD-001,MOCK-D-009,模拟直营·吉达·03店,直营,JED,雷克萨斯,2026-09-29,35,26,8,1,3,22,8,3,2,18,1.9444,1.4444,3,25,2026-07-26,独立模拟快照,模拟
MOCK-TD-001,MOCK-D-010,模拟直营·吉达·04店,直营,JED,丰田,2026-09-29,138,101,33,4,27,87,30,14,7,55.625,2.4809,1.8157,3,39,2026-07-26,独立模拟快照,模拟
MOCK-TD-001,MOCK-D-011,模拟直营·吉达·05店,直营,JED,丰田,2026-09-29,164,135,25,4,7,102,37,17,8,42.75,3.8363,3.1579,3,0,2026-07-26,独立模拟快照,模拟
MOCK-TA-009,MOCK-L2-009,模拟二级展厅·吉达·01店,二级展厅,JED,丰田,2026-09-29,105,83,18,4,12,63,25,11,6,18.413,5.7025,4.5077,4,0,2026-07-31,独立模拟快照,模拟
MOCK-TA-009,MOCK-L2-009,模拟二级展厅·吉达·01店,二级展厅,JED,雷克萨斯,2026-09-29,10,9,1,0,2,6,2,1,1,2.9674,3.37,3.033,4,1,2026-07-31,独立模拟快照,模拟
MOCK-TA-010,MOCK-L2-010,模拟二级展厅·吉达·02店,二级展厅,JED,丰田,2026-09-29,96,77,18,1,9,59,22,10,5,24.9565,3.8467,3.0854,4,14,2026-07-31,独立模拟快照,模拟
MOCK-TA-011,MOCK-L2-011,模拟二级展厅·吉达·03店,二级展厅,JED,丰田,2026-09-29,56,48,6,2,3,36,12,5,3,15.1413,3.6985,3.1701,4,10,2026-07-31,独立模拟快照,模拟
MOCK-TA-012,MOCK-L2-012,模拟二级展厅·吉达·04店,二级展厅,JED,丰田,2026-09-29,57,47,7,3,6,37,12,5,3,19.25,2.961,2.4416,4,24,2026-07-31,独立模拟快照,模拟
MOCK-TA-013,MOCK-L2-013,模拟二级展厅·吉达·05店,二级展厅,JED,丰田,2026-09-29,39,30,7,2,3,25,8,4,2,20.7717,1.8776,1.4443,4,51,2026-07-31,独立模拟快照,模拟
MOCK-TA-014,MOCK-L2-014,模拟二级展厅·吉达·06店,二级展厅,JED,丰田,2026-09-29,36,30,4,2,9,22,8,4,2,15.4457,2.3308,1.9423,4,23,2026-07-31,独立模拟快照,模拟
MOCK-TD-001,MOCK-D-012,模拟直营·达曼·01店,直营,DMM,丰田,2026-09-29,40,27,11,2,7,24,10,4,2,43.5,0.9195,0.6207,3,97,2026-07-26,独立模拟快照,模拟
MOCK-TD-001,MOCK-D-012,模拟直营·达曼·01店,直营,DMM,雷克萨斯,2026-09-29,32,26,5,1,5,21,7,3,1,16.875,1.8963,1.5407,3,20,2026-07-26,独立模拟快照,模拟
MOCK-TD-001,MOCK-D-013,模拟直营·达曼·02店,直营,DMM,丰田,2026-09-29,186,146,30,10,18,121,38,18,9,49.125,3.7863,2.972,3,0,2026-07-26,独立模拟快照,模拟
MOCK-TD-001,MOCK-D-014,模拟直营·达曼·03店,直营,DMM,丰田,2026-09-29,173,149,18,6,24,111,37,17,8,44.25,3.9096,3.3672,3,0,2026-07-26,独立模拟快照,模拟
MOCK-TA-015,MOCK-L2-015,模拟二级展厅·达曼·01店,二级展厅,DMM,丰田,2026-09-29,30,25,5,0,7,18,7,3,2,15.1413,1.9813,1.6511,4,29,2026-07-31,独立模拟快照,模拟
MOCK-TA-015,MOCK-L2-015,模拟二级展厅·达曼·01店,二级展厅,DMM,雷克萨斯,2026-09-29,6,5,1,0,0,4,1,1,0,2.587,2.3193,1.9328,4,6,2026-07-31,独立模拟快照,模拟
MOCK-TA-016,MOCK-L2-016,模拟二级展厅·达曼·02店,二级展厅,DMM,丰田,2026-09-29,91,77,10,4,8,57,20,9,5,14.4565,6.2947,5.3263,4,0,2026-07-31,独立模拟快照,模拟
MOCK-TA-017,MOCK-L2-017,模拟二级展厅·达曼·03店,二级展厅,DMM,丰田,2026-09-29,68,48,16,4,3,41,16,7,4,17.5761,3.8689,2.731,4,20,2026-07-31,独立模拟快照,模拟
MOCK-TA-018,MOCK-L2-018,模拟二级展厅·达曼·04店,二级展厅,DMM,丰田,2026-09-29,56,44,9,3,6,36,12,5,3,17.8804,3.1319,2.4608,4,22,2026-07-31,独立模拟快照,模拟
MOCK-TD-001,MOCK-D-015,模拟直营·胡拜尔·01店,直营,KHO,丰田,2026-09-29,95,79,11,5,21,60,21,9,5,52.125,1.8225,1.5156,3,57,2026-07-26,独立模拟快照,模拟
MOCK-TD-001,MOCK-D-015,模拟直营·胡拜尔·01店,直营,KHO,雷克萨斯,2026-09-29,68,49,17,2,13,44,14,7,3,17.75,3.831,2.7606,3,0,2026-07-26,独立模拟快照,模拟
MOCK-TD-001,MOCK-D-016,模拟直营·胡拜尔·02店,直营,KHO,丰田,2026-09-29,47,37,8,2,32,29,11,5,2,43.125,1.0899,0.858,3,61,2026-07-26,独立模拟快照,模拟
MOCK-TA-019,MOCK-L2-019,模拟二级展厅·胡拜尔·01店,二级展厅,KHO,丰田,2026-09-29,65,47,15,3,2,39,15,7,4,17.2717,3.7634,2.7212,4,21,2026-07-31,独立模拟快照,模拟
MOCK-TA-019,MOCK-L2-019,模拟二级展厅·胡拜尔·01店,二级展厅,KHO,雷克萨斯,2026-09-29,10,8,2,0,2,6,2,1,1,2.9674,3.37,2.696,4,2,2026-07-31,独立模拟快照,模拟
MOCK-TA-020,MOCK-L2-020,模拟二级展厅·胡拜尔·02店,二级展厅,KHO,丰田,2026-09-29,57,47,9,1,3,35,13,6,3,17.2717,3.3002,2.7212,4,20,2026-07-31,独立模拟快照,模拟
MOCK-TD-001,MOCK-D-017,模拟直营·麦加·01店,直营,MAK,丰田,2026-09-29,162,121,33,8,11,105,34,15,8,40.875,3.9633,2.9602,3,0,2026-07-26,独立模拟快照,模拟
MOCK-TD-001,MOCK-D-017,模拟直营·麦加·01店,直营,MAK,雷克萨斯,2026-09-29,49,42,6,1,6,31,11,5,2,13.125,3.7333,3.2,3,0,2026-07-26,独立模拟快照,模拟
MOCK-TD-001,MOCK-D-018,模拟直营·麦加·02店,直营,MAK,丰田,2026-09-29,81,61,16,4,17,52,17,8,4,38.625,2.0971,1.5793,3,38,2026-07-26,独立模拟快照,模拟
MOCK-TA-021,MOCK-L2-021,模拟二级展厅·麦加·01店,二级展厅,MAK,丰田,2026-09-29,57,46,9,2,10,36,12,6,3,14.913,3.8222,3.0845,4,4,2026-07-31,独立模拟快照,模拟
MOCK-TA-021,MOCK-L2-021,模拟二级展厅·麦加·01店,二级展厅,MAK,雷克萨斯,2026-09-29,15,11,3,1,1,10,3,1,1,2.4348,6.1607,4.5179,4,0,2026-07-31,独立模拟快照,模拟
MOCK-TA-022,MOCK-L2-022,模拟二级展厅·麦加·02店,二级展厅,MAK,丰田,2026-09-29,31,26,5,0,6,19,7,3,2,16.2065,1.9128,1.6043,4,33,2026-07-31,独立模拟快照,模拟
MOCK-TA-023,MOCK-L2-023,模拟二级展厅·麦加·03店,二级展厅,MAK,丰田,2026-09-29,48,40,6,2,4,30,11,5,2,15.2935,3.1386,2.6155,4,18,2026-07-31,独立模拟快照,模拟
MOCK-TD-001,MOCK-D-019,模拟直营·麦地那·01店,直营,MED,丰田,2026-09-29,47,37,8,2,10,31,10,4,2,51,0.9216,0.7255,3,106,2026-07-26,独立模拟快照,模拟
MOCK-TD-001,MOCK-D-019,模拟直营·麦地那·01店,直营,MED,雷克萨斯,2026-09-29,60,46,11,3,10,39,12,6,3,15.375,3.9024,2.9919,3,0,2026-07-26,独立模拟快照,模拟
MOCK-TD-001,MOCK-D-020,模拟直营·麦地那·02店,直营,MED,丰田,2026-09-29,106,79,24,3,10,69,22,10,5,45.75,2.3169,1.7268,3,49,2026-07-26,独立模拟快照,模拟
MOCK-TA-024,MOCK-L2-024,模拟二级展厅·麦地那·01店,二级展厅,MED,丰田,2026-09-29,32,25,5,2,5,20,7,3,2,13.3913,2.3896,1.8669,4,24,2026-07-31,独立模拟快照,模拟
MOCK-TA-024,MOCK-L2-024,模拟二级展厅·麦地那·01店,二级展厅,MED,雷克萨斯,2026-09-29,7,6,1,0,2,4,2,1,0,2.3587,2.9677,2.5438,4,2,2026-07-31,独立模拟快照,模拟
MOCK-TA-025,MOCK-L2-025,模拟二级展厅·麦地那·02店,二级展厅,MED,丰田,2026-09-29,48,37,8,3,13,31,10,5,2,16.663,2.8806,2.2205,4,17,2026-07-31,独立模拟快照,模拟
MOCK-TD-001,MOCK-D-021,模拟直营·塔伊夫·01店,直营,TAI,丰田,2026-09-29,158,133,17,8,27,102,33,15,8,38,4.1579,3.5,3,0,2026-07-26,独立模拟快照,模拟
MOCK-TA-026,MOCK-L2-026,模拟二级展厅·塔伊夫·01店,二级展厅,TAI,丰田,2026-09-29,24,17,6,1,5,15,5,3,1,11.2609,2.1313,1.5097,4,24,2026-07-31,独立模拟快照,模拟
MOCK-TA-027,MOCK-L2-027,模拟二级展厅·塔伊夫·02店,二级展厅,TAI,丰田,2026-09-29,47,37,8,2,8,29,11,5,2,13.6196,3.4509,2.7167,4,10,2026-07-31,独立模拟快照,模拟
MOCK-TD-001,MOCK-D-022,模拟直营·哈萨·01店,直营,HOF,丰田,2026-09-29,114,85,27,2,10,70,26,12,6,45.75,2.4918,1.8579,3,43,2026-07-26,独立模拟快照,模拟
MOCK-TA-028,MOCK-L2-028,模拟二级展厅·哈萨·01店,二级展厅,HOF,丰田,2026-09-29,77,57,16,4,9,48,17,8,4,13.8478,5.5604,4.1162,4,0,2026-07-31,独立模拟快照,模拟
MOCK-TA-029,MOCK-L2-029,模拟二级展厅·哈萨·02店,二级展厅,HOF,丰田,2026-09-29,16,13,3,0,8,10,3,2,1,12.1739,1.3143,1.0679,4,28,2026-07-31,独立模拟快照,模拟
MOCK-TD-001,MOCK-D-023,模拟直营·布赖代·01店,直营,BUR,丰田,2026-09-29,58,46,11,1,16,36,13,6,3,29.875,1.9414,1.5397,3,28,2026-07-26,独立模拟快照,模拟
MOCK-TD-001,MOCK-D-023,模拟直营·布赖代·01店,直营,BUR,雷克萨斯,2026-09-29,25,20,4,1,4,16,5,3,1,10.5,2.381,1.9048,3,8,2026-07-26,独立模拟快照,模拟
MOCK-TD-001,MOCK-D-024,模拟直营·布赖代·02店,直营,BUR,丰田,2026-09-29,92,72,17,3,10,59,20,9,4,40.125,2.2928,1.7944,3,39,2026-07-26,独立模拟快照,模拟
MOCK-TA-030,MOCK-L2-030,模拟二级展厅·布赖代·01店,二级展厅,BUR,丰田,2026-09-29,66,50,13,3,13,43,14,6,3,16.8913,3.9073,2.9601,4,5,2026-07-31,独立模拟快照,模拟
MOCK-TA-030,MOCK-L2-030,模拟二级展厅·布赖代·01店,二级展厅,BUR,雷克萨斯,2026-09-29,12,8,3,1,1,8,2,1,1,3.0435,3.9429,2.6286,4,4,2026-07-31,独立模拟快照,模拟
MOCK-TA-031,MOCK-L2-031,模拟二级展厅·布赖代·02店,二级展厅,BUR,丰田,2026-09-29,62,46,14,2,5,40,13,6,3,15.4457,4.0141,2.9782,4,11,2026-07-31,独立模拟快照,模拟
MOCK-TA-032,MOCK-L2-032,模拟二级展厅·布赖代·03店,二级展厅,BUR,丰田,2026-09-29,30,23,6,1,11,19,7,3,1,15.6739,1.914,1.4674,4,29,2026-07-31,独立模拟快照,模拟
MOCK-TD-001,MOCK-D-025,模拟直营·欧奈宰·01店,直营,UNA,丰田,2026-09-29,64,51,9,4,19,40,14,7,3,31.375,2.0398,1.6255,3,25,2026-07-26,独立模拟快照,模拟
MOCK-TA-033,MOCK-L2-033,模拟二级展厅·欧奈宰·01店,二级展厅,UNA,丰田,2026-09-29,31,22,8,1,7,19,7,3,2,11.413,2.7162,1.9276,4,17,2026-07-31,独立模拟快照,模拟
MOCK-TD-001,MOCK-D-026,模拟直营·哈伊勒·01店,直营,HAI,丰田,2026-09-29,107,75,27,5,11,65,25,11,6,38.75,2.7613,1.9355,3,31,2026-07-26,独立模拟快照,模拟
MOCK-TA-034,MOCK-L2-034,模拟二级展厅·哈伊勒·01店,二级展厅,HAI,丰田,2026-09-29,9,7,2,0,7,6,2,1,0,13.4674,0.6683,0.5198,4,40,2026-07-31,独立模拟快照,模拟
MOCK-TA-035,MOCK-L2-035,模拟二级展厅·哈伊勒·02店,二级展厅,HAI,丰田,2026-09-29,65,55,7,3,4,40,15,7,3,10.7283,6.0588,5.1266,4,0,2026-07-31,独立模拟快照,模拟
MOCK-TD-001,MOCK-D-027,模拟直营·塔布克·01店,直营,TAB,丰田,2026-09-29,106,89,14,3,16,64,25,11,6,42.125,2.5163,2.1128,3,22,2026-07-26,独立模拟快照,模拟
MOCK-TA-036,MOCK-L2-036,模拟二级展厅·塔布克·01店,二级展厅,TAB,丰田,2026-09-29,27,22,5,0,8,17,6,3,1,10.4239,2.5902,2.1105,4,12,2026-07-31,独立模拟快照,模拟
MOCK-TA-037,MOCK-L2-037,模拟二级展厅·塔布克·02店,二级展厅,TAB,丰田,2026-09-29,33,28,4,1,6,22,7,3,1,11.1087,2.9706,2.5205,4,11,2026-07-31,独立模拟快照,模拟
MOCK-TD-001,MOCK-D-028,模拟直营·艾卜哈·01店,直营,ABH,丰田,2026-09-29,136,95,35,6,35,86,30,13,7,48.125,2.826,1.974,3,15,2026-07-26,独立模拟快照,模拟
MOCK-TD-001,MOCK-D-028,模拟直营·艾卜哈·01店,直营,ABH,雷克萨斯,2026-09-29,51,42,8,1,5,32,11,5,3,15,3.4,2.8,3,0,2026-07-26,独立模拟快照,模拟
MOCK-TD-001,MOCK-D-029,模拟直营·艾卜哈·02店,直营,ABH,丰田,2026-09-29,79,65,11,3,5,51,16,8,4,38.125,2.0721,1.7049,3,45,2026-07-26,独立模拟快照,模拟
MOCK-TA-038,MOCK-L2-038,模拟二级展厅·艾卜哈·01店,二级展厅,ABH,丰田,2026-09-29,38,27,9,2,2,23,9,4,2,11.6413,3.2642,2.3193,4,18,2026-07-31,独立模拟快照,模拟
MOCK-TA-038,MOCK-L2-038,模拟二级展厅·艾卜哈·01店,二级展厅,ABH,雷克萨斯,2026-09-29,4,3,1,0,2,3,1,0,0,2.3587,1.6959,1.2719,4,5,2026-07-31,独立模拟快照,模拟
MOCK-TA-039,MOCK-L2-039,模拟二级展厅·艾卜哈·02店,二级展厅,ABH,丰田,2026-09-29,56,39,14,3,5,36,12,5,3,14.6848,3.8135,2.6558,4,15,2026-07-31,独立模拟快照,模拟
MOCK-TD-001,MOCK-D-030,模拟直营·海米斯穆谢特·01店,直营,KHM,丰田,2026-09-29,44,31,11,2,7,27,10,5,2,29.625,1.4852,1.0464,3,51,2026-07-26,独立模拟快照,模拟
MOCK-TA-040,MOCK-L2-040,模拟二级展厅·海米斯穆谢特·01店,二级展厅,KHM,丰田,2026-09-29,59,42,14,3,8,37,13,6,3,14.3043,4.1246,2.9362,4,8,2026-07-31,独立模拟快照,模拟
MOCK-TD-001,MOCK-D-031,模拟直营·吉赞·01店,直营,JAZ,丰田,2026-09-29,58,44,13,1,12,36,13,6,3,27.375,2.1187,1.6073,3,27,2026-07-26,独立模拟快照,模拟
MOCK-TA-041,MOCK-L2-041,模拟二级展厅·吉赞·01店,二级展厅,JAZ,丰田,2026-09-29,91,81,9,1,8,59,19,9,4,15.2935,5.9502,5.2964,4,0,2026-07-31,独立模拟快照,模拟
MOCK-TA-042,MOCK-L2-042,模拟二级展厅·吉赞·02店,二级展厅,JAZ,丰田,2026-09-29,44,33,10,1,7,29,9,4,2,14.6848,2.9963,2.2472,4,19,2026-07-31,独立模拟快照,模拟
MOCK-TD-001,MOCK-D-032,模拟直营·奈季兰·01店,直营,NAJ,丰田,2026-09-29,91,66,22,3,19,57,20,9,5,32.25,2.8217,2.0465,3,12,2026-07-26,独立模拟快照,模拟
MOCK-TA-043,MOCK-L2-043,模拟二级展厅·奈季兰·01店,二级展厅,NAJ,丰田,2026-09-29,45,33,10,2,5,28,10,5,2,11.1087,4.0509,2.9706,4,7,2026-07-31,独立模拟快照,模拟
MOCK-TD-001,MOCK-D-033,模拟直营·延布·01店,直营,YAN,丰田,2026-09-29,79,61,14,4,14,51,17,7,4,29.25,2.7009,2.0855,3,13,2026-07-26,独立模拟快照,模拟
MOCK-TA-044,MOCK-L2-044,模拟二级展厅·延布·01店,二级展厅,YAN,丰田,2026-09-29,57,48,8,1,6,37,12,5,3,14.1522,4.0276,3.3917,4,3,2026-07-31,独立模拟快照,模拟
MOCK-TD-001,MOCK-D-034,模拟直营·朱拜勒·01店,直营,JUB,丰田,2026-09-29,81,61,16,4,24,51,18,8,4,38.25,2.1176,1.5948,3,30,2026-07-26,独立模拟快照,模拟
MOCK-TA-045,MOCK-L2-045,模拟二级展厅·朱拜勒·01店,二级展厅,JUB,丰田,2026-09-29,39,32,5,2,9,24,9,4,2,12.7065,3.0693,2.5184,4,10,2026-07-31,独立模拟快照,模拟
