交易身份编码,客户名称,客户类型,品牌,库存日期,当前实物库存(台),可自由分配库存(台),订单已锁库存(台),质检冻结库存(台),在途库存(台),库龄0至30天(台),库龄31至60天(台),库龄61至90天(台),库龄91天及以上(台),参考周销速(台),实物库存覆盖(周),可用库存覆盖(周),目标库存覆盖(周),参考补库缺口(台),销速统计截止日,库存性质,数据性质
MOCK-TD-001,模拟ALJ直营零售主体,直营,丰田,2026-09-29,3677,2865,672,140,603,2316,809,368,184,1487.25,2.4723,1.9264,3,1229,2026-07-26,独立模拟快照,模拟
MOCK-TD-001,模拟ALJ直营零售主体,直营,雷克萨斯,2026-09-29,623,486,117,20,76,396,135,62,30,198.875,3.1326,2.4437,3,85,2026-07-26,独立模拟快照,模拟
MOCK-TA-001,模拟利雅得授权车商01,二级展厅,丰田,2026-09-29,50,41,7,2,10,30,12,5,3,16.9674,2.9468,2.4164,4,17,2026-07-31,独立模拟快照,模拟
MOCK-TA-001,模拟利雅得授权车商01,二级展厅,雷克萨斯,2026-09-29,11,8,3,0,2,7,2,1,1,3.1957,3.4422,2.5034,4,3,2026-07-31,独立模拟快照,模拟
MOCK-TA-002,模拟利雅得授权车商02,二级展厅,丰田,2026-09-29,15,12,2,1,8,10,3,1,1,16.587,0.9043,0.7235,4,47,2026-07-31,独立模拟快照,模拟
MOCK-TA-003,模拟利雅得授权车商03,二级展厅,丰田,2026-09-29,61,45,14,2,10,37,14,7,3,17.1957,3.5474,2.6169,4,14,2026-07-31,独立模拟快照,模拟
MOCK-TA-004,模拟利雅得授权车商04,二级展厅,丰田,2026-09-29,121,84,31,6,10,75,27,13,6,21.837,5.5411,3.8467,4,0,2026-07-31,独立模拟快照,模拟
MOCK-TA-005,模拟利雅得授权车商05,二级展厅,丰田,2026-09-29,30,22,7,1,5,18,7,3,2,16.2065,1.8511,1.3575,4,38,2026-07-31,独立模拟快照,模拟
MOCK-TA-006,模拟利雅得授权车商06,二级展厅,丰田,2026-09-29,42,33,6,3,11,27,9,4,2,20.163,2.083,1.6367,4,37,2026-07-31,独立模拟快照,模拟
MOCK-TA-007,模拟利雅得授权车商07,二级展厅,丰田,2026-09-29,64,46,15,3,9,40,14,7,3,16.587,3.8585,2.7733,4,12,2026-07-31,独立模拟快照,模拟
MOCK-TA-008,模拟利雅得授权车商08,二级展厅,丰田,2026-09-29,63,51,9,3,8,39,14,7,3,16.587,3.7982,3.0747,4,8,2026-07-31,独立模拟快照,模拟
MOCK-TA-009,模拟吉达授权车商01,二级展厅,丰田,2026-09-29,105,83,18,4,12,63,25,11,6,18.413,5.7025,4.5077,4,0,2026-07-31,独立模拟快照,模拟
MOCK-TA-009,模拟吉达授权车商01,二级展厅,雷克萨斯,2026-09-29,10,9,1,0,2,6,2,1,1,2.9674,3.37,3.033,4,1,2026-07-31,独立模拟快照,模拟
MOCK-TA-010,模拟吉达授权车商02,二级展厅,丰田,2026-09-29,96,77,18,1,9,59,22,10,5,24.9565,3.8467,3.0854,4,14,2026-07-31,独立模拟快照,模拟
MOCK-TA-011,模拟吉达授权车商03,二级展厅,丰田,2026-09-29,56,48,6,2,3,36,12,5,3,15.1413,3.6985,3.1701,4,10,2026-07-31,独立模拟快照,模拟
MOCK-TA-012,模拟吉达授权车商04,二级展厅,丰田,2026-09-29,57,47,7,3,6,37,12,5,3,19.25,2.961,2.4416,4,24,2026-07-31,独立模拟快照,模拟
MOCK-TA-013,模拟吉达授权车商05,二级展厅,丰田,2026-09-29,39,30,7,2,3,25,8,4,2,20.7717,1.8776,1.4443,4,51,2026-07-31,独立模拟快照,模拟
MOCK-TA-014,模拟吉达授权车商06,二级展厅,丰田,2026-09-29,36,30,4,2,9,22,8,4,2,15.4457,2.3308,1.9423,4,23,2026-07-31,独立模拟快照,模拟
MOCK-TA-015,模拟达曼授权车商01,二级展厅,丰田,2026-09-29,30,25,5,0,7,18,7,3,2,15.1413,1.9813,1.6511,4,29,2026-07-31,独立模拟快照,模拟
MOCK-TA-015,模拟达曼授权车商01,二级展厅,雷克萨斯,2026-09-29,6,5,1,0,0,4,1,1,0,2.587,2.3193,1.9328,4,6,2026-07-31,独立模拟快照,模拟
MOCK-TA-016,模拟达曼授权车商02,二级展厅,丰田,2026-09-29,91,77,10,4,8,57,20,9,5,14.4565,6.2947,5.3263,4,0,2026-07-31,独立模拟快照,模拟
MOCK-TA-017,模拟达曼授权车商03,二级展厅,丰田,2026-09-29,68,48,16,4,3,41,16,7,4,17.5761,3.8689,2.731,4,20,2026-07-31,独立模拟快照,模拟
MOCK-TA-018,模拟达曼授权车商04,二级展厅,丰田,2026-09-29,56,44,9,3,6,36,12,5,3,17.8804,3.1319,2.4608,4,22,2026-07-31,独立模拟快照,模拟
MOCK-TA-019,模拟胡拜尔授权车商01,二级展厅,丰田,2026-09-29,65,47,15,3,2,39,15,7,4,17.2717,3.7634,2.7212,4,21,2026-07-31,独立模拟快照,模拟
MOCK-TA-019,模拟胡拜尔授权车商01,二级展厅,雷克萨斯,2026-09-29,10,8,2,0,2,6,2,1,1,2.9674,3.37,2.696,4,2,2026-07-31,独立模拟快照,模拟
MOCK-TA-020,模拟胡拜尔授权车商02,二级展厅,丰田,2026-09-29,57,47,9,1,3,35,13,6,3,17.2717,3.3002,2.7212,4,20,2026-07-31,独立模拟快照,模拟
MOCK-TA-021,模拟麦加授权车商01,二级展厅,丰田,2026-09-29,57,46,9,2,10,36,12,6,3,14.913,3.8222,3.0845,4,4,2026-07-31,独立模拟快照,模拟
MOCK-TA-021,模拟麦加授权车商01,二级展厅,雷克萨斯,2026-09-29,15,11,3,1,1,10,3,1,1,2.4348,6.1607,4.5179,4,0,2026-07-31,独立模拟快照,模拟
MOCK-TA-022,模拟麦加授权车商02,二级展厅,丰田,2026-09-29,31,26,5,0,6,19,7,3,2,16.2065,1.9128,1.6043,4,33,2026-07-31,独立模拟快照,模拟
MOCK-TA-023,模拟麦加授权车商03,二级展厅,丰田,2026-09-29,48,40,6,2,4,30,11,5,2,15.2935,3.1386,2.6155,4,18,2026-07-31,独立模拟快照,模拟
MOCK-TA-024,模拟麦地那授权车商01,二级展厅,丰田,2026-09-29,32,25,5,2,5,20,7,3,2,13.3913,2.3896,1.8669,4,24,2026-07-31,独立模拟快照,模拟
MOCK-TA-024,模拟麦地那授权车商01,二级展厅,雷克萨斯,2026-09-29,7,6,1,0,2,4,2,1,0,2.3587,2.9677,2.5438,4,2,2026-07-31,独立模拟快照,模拟
MOCK-TA-025,模拟麦地那授权车商02,二级展厅,丰田,2026-09-29,48,37,8,3,13,31,10,5,2,16.663,2.8806,2.2205,4,17,2026-07-31,独立模拟快照,模拟
MOCK-TA-026,模拟塔伊夫授权车商01,二级展厅,丰田,2026-09-29,24,17,6,1,5,15,5,3,1,11.2609,2.1313,1.5097,4,24,2026-07-31,独立模拟快照,模拟
MOCK-TA-027,模拟塔伊夫授权车商02,二级展厅,丰田,2026-09-29,47,37,8,2,8,29,11,5,2,13.6196,3.4509,2.7167,4,10,2026-07-31,独立模拟快照,模拟
MOCK-TA-028,模拟哈萨授权车商01,二级展厅,丰田,2026-09-29,77,57,16,4,9,48,17,8,4,13.8478,5.5604,4.1162,4,0,2026-07-31,独立模拟快照,模拟
MOCK-TA-029,模拟哈萨授权车商02,二级展厅,丰田,2026-09-29,16,13,3,0,8,10,3,2,1,12.1739,1.3143,1.0679,4,28,2026-07-31,独立模拟快照,模拟
MOCK-TA-030,模拟布赖代授权车商01,二级展厅,丰田,2026-09-29,66,50,13,3,13,43,14,6,3,16.8913,3.9073,2.9601,4,5,2026-07-31,独立模拟快照,模拟
MOCK-TA-030,模拟布赖代授权车商01,二级展厅,雷克萨斯,2026-09-29,12,8,3,1,1,8,2,1,1,3.0435,3.9429,2.6286,4,4,2026-07-31,独立模拟快照,模拟
MOCK-TA-031,模拟布赖代授权车商02,二级展厅,丰田,2026-09-29,62,46,14,2,5,40,13,6,3,15.4457,4.0141,2.9782,4,11,2026-07-31,独立模拟快照,模拟
MOCK-TA-032,模拟布赖代授权车商03,二级展厅,丰田,2026-09-29,30,23,6,1,11,19,7,3,1,15.6739,1.914,1.4674,4,29,2026-07-31,独立模拟快照,模拟
MOCK-TA-033,模拟欧奈宰授权车商01,二级展厅,丰田,2026-09-29,31,22,8,1,7,19,7,3,2,11.413,2.7162,1.9276,4,17,2026-07-31,独立模拟快照,模拟
MOCK-TA-034,模拟哈伊勒授权车商01,二级展厅,丰田,2026-09-29,9,7,2,0,7,6,2,1,0,13.4674,0.6683,0.5198,4,40,2026-07-31,独立模拟快照,模拟
MOCK-TA-035,模拟哈伊勒授权车商02,二级展厅,丰田,2026-09-29,65,55,7,3,4,40,15,7,3,10.7283,6.0588,5.1266,4,0,2026-07-31,独立模拟快照,模拟
MOCK-TA-036,模拟塔布克授权车商01,二级展厅,丰田,2026-09-29,27,22,5,0,8,17,6,3,1,10.4239,2.5902,2.1105,4,12,2026-07-31,独立模拟快照,模拟
MOCK-TA-037,模拟塔布克授权车商02,二级展厅,丰田,2026-09-29,33,28,4,1,6,22,7,3,1,11.1087,2.9706,2.5205,4,11,2026-07-31,独立模拟快照,模拟
MOCK-TA-038,模拟艾卜哈授权车商01,二级展厅,丰田,2026-09-29,38,27,9,2,2,23,9,4,2,11.6413,3.2642,2.3193,4,18,2026-07-31,独立模拟快照,模拟
MOCK-TA-038,模拟艾卜哈授权车商01,二级展厅,雷克萨斯,2026-09-29,4,3,1,0,2,3,1,0,0,2.3587,1.6959,1.2719,4,5,2026-07-31,独立模拟快照,模拟
MOCK-TA-039,模拟艾卜哈授权车商02,二级展厅,丰田,2026-09-29,56,39,14,3,5,36,12,5,3,14.6848,3.8135,2.6558,4,15,2026-07-31,独立模拟快照,模拟
MOCK-TA-040,模拟海米斯穆谢特授权车商01,二级展厅,丰田,2026-09-29,59,42,14,3,8,37,13,6,3,14.3043,4.1246,2.9362,4,8,2026-07-31,独立模拟快照,模拟
MOCK-TA-041,模拟吉赞授权车商01,二级展厅,丰田,2026-09-29,91,81,9,1,8,59,19,9,4,15.2935,5.9502,5.2964,4,0,2026-07-31,独立模拟快照,模拟
MOCK-TA-042,模拟吉赞授权车商02,二级展厅,丰田,2026-09-29,44,33,10,1,7,29,9,4,2,14.6848,2.9963,2.2472,4,19,2026-07-31,独立模拟快照,模拟
MOCK-TA-043,模拟奈季兰授权车商01,二级展厅,丰田,2026-09-29,45,33,10,2,5,28,10,5,2,11.1087,4.0509,2.9706,4,7,2026-07-31,独立模拟快照,模拟
MOCK-TA-044,模拟延布授权车商01,二级展厅,丰田,2026-09-29,57,48,8,1,6,37,12,5,3,14.1522,4.0276,3.3917,4,3,2026-07-31,独立模拟快照,模拟
MOCK-TA-045,模拟朱拜勒授权车商01,二级展厅,丰田,2026-09-29,39,32,5,2,9,24,9,4,2,12.7065,3.0693,2.5184,4,10,2026-07-31,独立模拟快照,模拟
